"Label (Grouping)","Albemarle County, Virginia!!Total!!Estimate","Albemarle County, Virginia!!Total!!Margin of Error","Albemarle County, Virginia!!Labor Force Participation Rate!!Estimate","Albemarle County, Virginia!!Labor Force Participation Rate!!Margin of Error","Albemarle County, Virginia!!Employment/Population Ratio!!Estimate","Albemarle County, Virginia!!Employment/Population Ratio!!Margin of Error","Albemarle County, Virginia!!Unemployment rate!!Estimate","Albemarle County, Virginia!!Unemployment rate!!Margin of Error","Arlington County, Virginia!!Total!!Estimate","Arlington County, Virginia!!Total!!Margin of Error","Arlington County, Virginia!!Labor Force Participation Rate!!Estimate","Arlington County, Virginia!!Labor Force Participation Rate!!Margin of Error","Arlington County, Virginia!!Employment/Population Ratio!!Estimate","Arlington County, Virginia!!Employment/Population Ratio!!Margin of Error","Arlington County, Virginia!!Unemployment rate!!Estimate","Arlington County, Virginia!!Unemployment rate!!Margin of Error","Augusta County, Virginia!!Total!!Estimate","Augusta County, Virginia!!Total!!Margin of Error","Augusta County, Virginia!!Labor Force Participation Rate!!Estimate","Augusta County, Virginia!!Labor Force Participation Rate!!Margin of Error","Augusta County, Virginia!!Employment/Population Ratio!!Estimate","Augusta County, Virginia!!Employment/Population Ratio!!Margin of Error","Augusta County, Virginia!!Unemployment rate!!Estimate","Augusta County, Virginia!!Unemployment rate!!Margin of Error","Bedford County, Virginia!!Total!!Estimate","Bedford County, Virginia!!Total!!Margin of Error","Bedford County, Virginia!!Labor Force Participation Rate!!Estimate","Bedford County, Virginia!!Labor Force Participation Rate!!Margin of Error","Bedford County, Virginia!!Employment/Population Ratio!!Estimate","Bedford County, Virginia!!Employment/Population Ratio!!Margin of Error","Bedford County, Virginia!!Unemployment rate!!Estimate","Bedford County, Virginia!!Unemployment rate!!Margin of Error","Chesterfield County, Virginia!!Total!!Estimate","Chesterfield County, Virginia!!Total!!Margin of Error","Chesterfield County, Virginia!!Labor Force Participation Rate!!Estimate","Chesterfield County, Virginia!!Labor Force Participation Rate!!Margin of Error","Chesterfield County, Virginia!!Employment/Population Ratio!!Estimate","Chesterfield County, Virginia!!Employment/Population Ratio!!Margin of Error","Chesterfield County, Virginia!!Unemployment rate!!Estimate","Chesterfield County, Virginia!!Unemployment rate!!Margin of Error","Fairfax County, Virginia!!Total!!Estimate","Fairfax County, Virginia!!Total!!Margin of Error","Fairfax County, Virginia!!Labor Force Participation Rate!!Estimate","Fairfax County, Virginia!!Labor Force Participation Rate!!Margin of Error","Fairfax County, Virginia!!Employment/Population Ratio!!Estimate","Fairfax County, Virginia!!Employment/Population Ratio!!Margin of Error","Fairfax County, Virginia!!Unemployment rate!!Estimate","Fairfax County, Virginia!!Unemployment rate!!Margin of Error","Fauquier County, Virginia!!Total!!Estimate","Fauquier County, Virginia!!Total!!Margin of Error","Fauquier County, Virginia!!Labor Force Participation Rate!!Estimate","Fauquier County, Virginia!!Labor Force Participation Rate!!Margin of Error","Fauquier County, Virginia!!Employment/Population Ratio!!Estimate","Fauquier County, Virginia!!Employment/Population Ratio!!Margin of Error","Fauquier County, Virginia!!Unemployment rate!!Estimate","Fauquier County, Virginia!!Unemployment rate!!Margin of Error","Frederick County, Virginia!!Total!!Estimate","Frederick County, Virginia!!Total!!Margin of Error","Frederick County, Virginia!!Labor Force Participation Rate!!Estimate","Frederick County, Virginia!!Labor Force Participation Rate!!Margin of Error","Frederick County, Virginia!!Employment/Population Ratio!!Estimate","Frederick County, Virginia!!Employment/Population Ratio!!Margin of Error","Frederick County, Virginia!!Unemployment rate!!Estimate","Frederick County, Virginia!!Unemployment rate!!Margin of Error","Hanover County, Virginia!!Total!!Estimate","Hanover County, Virginia!!Total!!Margin of Error","Hanover County, Virginia!!Labor Force Participation Rate!!Estimate","Hanover County, Virginia!!Labor Force Participation Rate!!Margin of Error","Hanover County, Virginia!!Employment/Population Ratio!!Estimate","Hanover County, Virginia!!Employment/Population Ratio!!Margin of Error","Hanover County, Virginia!!Unemployment rate!!Estimate","Hanover County, Virginia!!Unemployment rate!!Margin of Error","Henrico County, Virginia!!Total!!Estimate","Henrico County, Virginia!!Total!!Margin of Error","Henrico County, Virginia!!Labor Force Participation Rate!!Estimate","Henrico County, Virginia!!Labor Force Participation Rate!!Margin of Error","Henrico County, Virginia!!Employment/Population Ratio!!Estimate","Henrico County, Virginia!!Employment/Population Ratio!!Margin of Error","Henrico County, Virginia!!Unemployment rate!!Estimate","Henrico County, Virginia!!Unemployment rate!!Margin of Error","James City County, Virginia!!Total!!Estimate","James City County, Virginia!!Total!!Margin of Error","James City County, Virginia!!Labor Force Participation Rate!!Estimate","James City County, Virginia!!Labor Force Participation Rate!!Margin of Error","James City County, Virginia!!Employment/Population Ratio!!Estimate","James City County, Virginia!!Employment/Population Ratio!!Margin of Error","James City County, Virginia!!Unemployment rate!!Estimate","James City County, Virginia!!Unemployment rate!!Margin of Error","Loudoun County, Virginia!!Total!!Estimate","Loudoun County, Virginia!!Total!!Margin of Error","Loudoun County, Virginia!!Labor Force Participation Rate!!Estimate","Loudoun County, Virginia!!Labor Force Participation Rate!!Margin of Error","Loudoun County, Virginia!!Employment/Population Ratio!!Estimate","Loudoun County, Virginia!!Employment/Population Ratio!!Margin of Error","Loudoun County, Virginia!!Unemployment rate!!Estimate","Loudoun County, Virginia!!Unemployment rate!!Margin of Error","Montgomery County, Virginia!!Total!!Estimate","Montgomery County, Virginia!!Total!!Margin of Error","Montgomery County, Virginia!!Labor Force Participation Rate!!Estimate","Montgomery County, Virginia!!Labor Force Participation Rate!!Margin of Error","Montgomery County, Virginia!!Employment/Population Ratio!!Estimate","Montgomery County, Virginia!!Employment/Population Ratio!!Margin of Error","Montgomery County, Virginia!!Unemployment rate!!Estimate","Montgomery County, Virginia!!Unemployment rate!!Margin of Error","Prince William County, Virginia!!Total!!Estimate","Prince William County, Virginia!!Total!!Margin of Error","Prince William County, Virginia!!Labor Force Participation Rate!!Estimate","Prince William County, Virginia!!Labor Force Participation Rate!!Margin of Error","Prince William County, Virginia!!Employment/Population Ratio!!Estimate","Prince William County, Virginia!!Employment/Population Ratio!!Margin of Error","Prince William County, Virginia!!Unemployment rate!!Estimate","Prince William County, Virginia!!Unemployment rate!!Margin of Error","Roanoke County, Virginia!!Total!!Estimate","Roanoke County, Virginia!!Total!!Margin of Error","Roanoke County, Virginia!!Labor Force Participation Rate!!Estimate","Roanoke County, Virginia!!Labor Force Participation Rate!!Margin of Error","Roanoke County, Virginia!!Employment/Population Ratio!!Estimate","Roanoke County, Virginia!!Employment/Population Ratio!!Margin of Error","Roanoke County, Virginia!!Unemployment rate!!Estimate","Roanoke County, Virginia!!Unemployment rate!!Margin of Error","Rockingham County, Virginia!!Total!!Estimate","Rockingham County, Virginia!!Total!!Margin of Error","Rockingham County, Virginia!!Labor Force Participation Rate!!Estimate","Rockingham County, Virginia!!Labor Force Participation Rate!!Margin of Error","Rockingham County, Virginia!!Employment/Population Ratio!!Estimate","Rockingham County, Virginia!!Employment/Population Ratio!!Margin of Error","Rockingham County, Virginia!!Unemployment rate!!Estimate","Rockingham County, Virginia!!Unemployment rate!!Margin of Error","Spotsylvania County, Virginia!!Total!!Estimate","Spotsylvania County, Virginia!!Total!!Margin of Error","Spotsylvania County, Virginia!!Labor Force Participation Rate!!Estimate","Spotsylvania County, Virginia!!Labor Force Participation Rate!!Margin of Error","Spotsylvania County, Virginia!!Employment/Population Ratio!!Estimate","Spotsylvania County, Virginia!!Employment/Population Ratio!!Margin of Error","Spotsylvania County, Virginia!!Unemployment rate!!Estimate","Spotsylvania County, Virginia!!Unemployment rate!!Margin of Error","Stafford County, Virginia!!Total!!Estimate","Stafford County, Virginia!!Total!!Margin of Error","Stafford County, Virginia!!Labor Force Participation Rate!!Estimate","Stafford County, Virginia!!Labor Force Participation Rate!!Margin of Error","Stafford County, Virginia!!Employment/Population Ratio!!Estimate","Stafford County, Virginia!!Employment/Population Ratio!!Margin of Error","Stafford County, Virginia!!Unemployment rate!!Estimate","Stafford County, Virginia!!Unemployment rate!!Margin of Error","York County, Virginia!!Total!!Estimate","York County, Virginia!!Total!!Margin of Error","York County, Virginia!!Labor Force Participation Rate!!Estimate","York County, Virginia!!Labor Force Participation Rate!!Margin of Error","York County, Virginia!!Employment/Population Ratio!!Estimate","York County, Virginia!!Employment/Population Ratio!!Margin of Error","York County, Virginia!!Unemployment rate!!Estimate","York County, Virginia!!Unemployment rate!!Margin of Error","Alexandria city, Virginia!!Total!!Estimate","Alexandria city, Virginia!!Total!!Margin of Error","Alexandria city, Virginia!!Labor Force Participation Rate!!Estimate","Alexandria city, Virginia!!Labor Force Participation Rate!!Margin of Error","Alexandria city, Virginia!!Employment/Population Ratio!!Estimate","Alexandria city, Virginia!!Employment/Population Ratio!!Margin of Error","Alexandria city, Virginia!!Unemployment rate!!Estimate","Alexandria city, Virginia!!Unemployment rate!!Margin of Error","Chesapeake city, Virginia!!Total!!Estimate","Chesapeake city, Virginia!!Total!!Margin of Error","Chesapeake city, Virginia!!Labor Force Participation Rate!!Estimate","Chesapeake city, Virginia!!Labor Force Participation Rate!!Margin of Error","Chesapeake city, Virginia!!Employment/Population Ratio!!Estimate","Chesapeake city, Virginia!!Employment/Population Ratio!!Margin of Error","Chesapeake city, Virginia!!Unemployment rate!!Estimate","Chesapeake city, Virginia!!Unemployment rate!!Margin of Error","Hampton city, Virginia!!Total!!Estimate","Hampton city, Virginia!!Total!!Margin of Error","Hampton city, Virginia!!Labor Force Participation Rate!!Estimate","Hampton city, Virginia!!Labor Force Participation Rate!!Margin of Error","Hampton city, Virginia!!Employment/Population Ratio!!Estimate","Hampton city, Virginia!!Employment/Population Ratio!!Margin of Error","Hampton city, Virginia!!Unemployment rate!!Estimate","Hampton city, Virginia!!Unemployment rate!!Margin of Error","Lynchburg city, Virginia!!Total!!Estimate","Lynchburg city, Virginia!!Total!!Margin of Error","Lynchburg city, Virginia!!Labor Force Participation Rate!!Estimate","Lynchburg city, Virginia!!Labor Force Participation Rate!!Margin of Error","Lynchburg city, Virginia!!Employment/Population Ratio!!Estimate","Lynchburg city, Virginia!!Employment/Population Ratio!!Margin of Error","Lynchburg city, Virginia!!Unemployment rate!!Estimate","Lynchburg city, Virginia!!Unemployment rate!!Margin of Error","Newport News city, Virginia!!Total!!Estimate","Newport News city, Virginia!!Total!!Margin of Error","Newport News city, Virginia!!Labor Force Participation Rate!!Estimate","Newport News city, Virginia!!Labor Force Participation Rate!!Margin of Error","Newport News city, Virginia!!Employment/Population Ratio!!Estimate","Newport News city, Virginia!!Employment/Population Ratio!!Margin of Error","Newport News city, Virginia!!Unemployment rate!!Estimate","Newport News city, Virginia!!Unemployment rate!!Margin of Error","Norfolk city, Virginia!!Total!!Estimate","Norfolk city, Virginia!!Total!!Margin of Error","Norfolk city, Virginia!!Labor Force Participation Rate!!Estimate","Norfolk city, Virginia!!Labor Force Participation Rate!!Margin of Error","Norfolk city, Virginia!!Employment/Population Ratio!!Estimate","Norfolk city, Virginia!!Employment/Population Ratio!!Margin of Error","Norfolk city, Virginia!!Unemployment rate!!Estimate","Norfolk city, Virginia!!Unemployment rate!!Margin of Error","Portsmouth city, Virginia!!Total!!Estimate","Portsmouth city, Virginia!!Total!!Margin of Error","Portsmouth city, Virginia!!Labor Force Participation Rate!!Estimate","Portsmouth city, Virginia!!Labor Force Participation Rate!!Margin of Error","Portsmouth city, Virginia!!Employment/Population Ratio!!Estimate","Portsmouth city, Virginia!!Employment/Population Ratio!!Margin of Error","Portsmouth city, Virginia!!Unemployment rate!!Estimate","Portsmouth city, Virginia!!Unemployment rate!!Margin of Error","Richmond city, Virginia!!Total!!Estimate","Richmond city, Virginia!!Total!!Margin of Error","Richmond city, Virginia!!Labor Force Participation Rate!!Estimate","Richmond city, Virginia!!Labor Force Participation Rate!!Margin of Error","Richmond city, Virginia!!Employment/Population Ratio!!Estimate","Richmond city, Virginia!!Employment/Population Ratio!!Margin of Error","Richmond city, Virginia!!Unemployment rate!!Estimate","Richmond city, Virginia!!Unemployment rate!!Margin of Error","Roanoke city, Virginia!!Total!!Estimate","Roanoke city, Virginia!!Total!!Margin of Error","Roanoke city, Virginia!!Labor Force Participation Rate!!Estimate","Roanoke city, Virginia!!Labor Force Participation Rate!!Margin of Error","Roanoke city, Virginia!!Employment/Population Ratio!!Estimate","Roanoke city, Virginia!!Employment/Population Ratio!!Margin of Error","Roanoke city, Virginia!!Unemployment rate!!Estimate","Roanoke city, Virginia!!Unemployment rate!!Margin of Error","Suffolk city, Virginia!!Total!!Estimate","Suffolk city, Virginia!!Total!!Margin of Error","Suffolk city, Virginia!!Labor Force Participation Rate!!Estimate","Suffolk city, Virginia!!Labor Force Participation Rate!!Margin of Error","Suffolk city, Virginia!!Employment/Population Ratio!!Estimate","Suffolk city, Virginia!!Employment/Population Ratio!!Margin of Error","Suffolk city, Virginia!!Unemployment rate!!Estimate","Suffolk city, Virginia!!Unemployment rate!!Margin of Error","Virginia Beach city, Virginia!!Total!!Estimate","Virginia Beach city, Virginia!!Total!!Margin of Error","Virginia Beach city, Virginia!!Labor Force Participation Rate!!Estimate","Virginia Beach city, Virginia!!Labor Force Participation Rate!!Margin of Error","Virginia Beach city, Virginia!!Employment/Population Ratio!!Estimate","Virginia Beach city, Virginia!!Employment/Population Ratio!!Margin of Error","Virginia Beach city, Virginia!!Unemployment rate!!Estimate","Virginia Beach city, Virginia!!Unemployment rate!!Margin of Error"
"Population 16 years and over","93,914","±762","60.6%","±2.3","58.5%","±2.4","2.9%","±1.5","195,525","±514","76.3%","±1.6","71.7%","±1.7","3.4%","±0.8","64,798","±686","60.5%","±3.4","58.7%","±3.6","3.1%","±1.8","67,131","±633","57.8%","±3.0","56.2%","±2.9","2.7%","±1.3","293,816","±1,291","67.6%","±1.4","63.1%","±1.4","5.9%","±1.0","907,409","±1,734","70.2%","±0.7","65.4%","±0.7","5.0%","±0.5","59,425","±738","67.3%","±3.3","65.4%","±3.4","2.7%","±1.8","75,197","±457","65.2%","±3.1","60.7%","±3.5","6.6%","±2.4","90,407","±557","65.2%","±2.0","63.1%","±2.1","2.9%","±1.2","268,819","±922","67.5%","±1.3","64.4%","±1.3","4.5%","±0.8","66,474","±452","58.1%","±2.8","54.2%","±3.0","4.4%","±2.1","326,204","±1,271","73.2%","±1.3","70.7%","±1.4","2.9%","±0.5","85,319","±531","54.3%","±2.4","51.7%","±2.4","4.2%","±1.7","370,057","±1,179","72.0%","±1.1","66.4%","±1.2","5.0%","±0.7","79,973","±536","60.4%","±2.8","57.0%","±3.0","4.0%","±1.6","68,370","±615","68.2%","±2.4","65.6%","±2.7","3.9%","±1.6","112,705","±701","67.5%","±2.0","63.4%","±2.3","5.0%","±1.6","124,161","±589","69.5%","±1.9","62.9%","±2.1","5.0%","±1.6","56,375","±554","65.6%","±2.8","56.4%","±3.4","3.6%","±1.8","128,797","±712","78.7%","±1.9","73.8%","±2.0","4.3%","±1.3","197,892","±855","68.5%","±1.4","60.8%","±1.7","4.6%","±1.5","111,814","±752","66.8%","±2.0","57.4%","±2.4","5.8%","±1.8","66,455","±684","62.3%","±3.4","58.0%","±3.7","6.9%","±3.0","144,914","±927","68.6%","±1.8","57.7%","±2.1","7.1%","±1.7","194,344","±684","70.0%","±1.4","52.1%","±1.7","4.6%","±1.1","76,958","±865","64.7%","±2.8","54.1%","±3.2","7.6%","±2.8","191,729","±816","65.9%","±2.2","60.8%","±2.1","7.4%","±1.8","78,700","±773","63.2%","±2.5","59.5%","±2.6","5.7%","±2.1","76,772","±257","65.4%","±3.0","57.8%","±3.1","5.7%","±2.4","367,769","±1,092","69.5%","±1.1","60.3%","±1.4","4.1%","±1.0"
"    AGE","","","","","","","","","","","","","","","","","","","","","","","","","","","","","","","","","","","","","","","","","","","","","","","","","","","","","","","","","","","","","","","","","","","","","","","","","","","","","","","","","","","","","","","","","","","","","","","","","","","","","","","","","","","","","","","","","","","","","","","","","","","","","","","","","","","","","","","","","","","","","","","","","","","","","","","","","","","","","","","","","","","","","","","","","","","","","","","","","","","","","","","","","","","","","","","","","","","","","","","","","","","","","","","","","","","","","","","","","","","","","","","","","","","","","","","","","","","","","","","",""
"        16 to 19 years","11,318","±1,658","21.7%","±7.7","21.5%","±7.7","1.1%","±2.0","6,741","±969","28.1%","±8.6","22.0%","±8.3","8.7%","±9.7","4,398","±1,079","53.0%","±14.0","49.2%","±15.2","7.2%","±9.8","4,442","±790","31.6%","±17.1","29.6%","±16.0","6.1%","±10.0","20,438","±1,668","55.0%","±6.0","43.5%","±6.6","20.9%","±8.9","58,521","±2,012","28.7%","±3.7","23.1%","±3.0","19.5%","±5.6","4,787","±841","56.4%","±14.5","52.6%","±14.1","6.7%","±10.4","4,805","±764","52.1%","±13.2","47.0%","±13.3","9.9%","±9.5","5,881","±973","43.1%","±11.0","43.1%","±11.0","0.0%","±7.3","16,388","±1,224","36.4%","±6.7","31.6%","±5.9","13.2%","±7.9","3,776","±1,069","56.7%","±15.6","48.8%","±18.3","13.9%","±17.8","24,648","±1,594","40.0%","±4.9","37.4%","±4.9","6.6%","±4.1","11,303","±1,335","28.0%","±6.8","27.1%","±6.8","3.2%","±4.2","26,881","±1,204","43.2%","±4.9","37.7%","±4.8","9.3%","±4.2","4,663","±982","31.5%","±11.2","27.8%","±10.1","11.8%","±14.3","4,170","±868","64.1%","±15.5","60.3%","±15.5","6.0%","±7.2","7,656","±913","49.0%","±9.1","43.9%","±9.8","10.5%","±8.7","9,828","±1,103","44.4%","±7.4","38.8%","±7.6","8.0%","±7.9","3,232","±730","49.1%","±12.4","43.7%","±12.2","0.0%","±12.7","3,993","±1,010","30.5%","±16.7","28.2%","±15.4","7.3%","±10.9","13,425","±1,449","44.1%","±7.0","39.4%","±6.5","6.9%","±6.5","8,106","±1,289","57.9%","±11.3","40.5%","±14.0","21.8%","±21.1","8,820","±1,089","35.4%","±10.2","33.7%","±9.6","4.7%","±6.1","10,488","±1,567","52.4%","±9.4","29.1%","±9.1","16.9%","±11.7","13,658","±1,589","43.2%","±6.4","27.3%","±5.4","2.6%","±3.3","5,073","±1,205","32.9%","±12.4","12.4%","±10.7","34.1%","±34.3","10,979","±1,532","33.1%","±7.6","27.3%","±6.7","17.4%","±10.3","3,652","±881","41.1%","±18.6","39.2%","±18.7","4.7%","±7.9","5,232","±627","32.3%","±10.6","28.7%","±10.4","11.1%","±14.4","21,365","±1,414","49.9%","±6.3","38.0%","±5.5","11.2%","±7.0"
"        20 to 24 years","4,925","±1,200","73.7%","±10.4","66.6%","±11.2","9.6%","±9.2","17,441","±780","83.0%","±5.5","72.0%","±6.4","3.9%","±3.0","4,205","±1,023","76.3%","±13.7","75.2%","±13.5","1.3%","±2.5","4,114","±1,062","80.5%","±12.3","78.7%","±12.5","2.2%","±3.9","22,137","±1,203","77.3%","±5.4","71.2%","±5.9","7.1%","±3.6","67,070","±944","78.1%","±3.3","70.1%","±3.1","10.0%","±2.4","3,880","±1,077","75.3%","±14.7","72.2%","±14.3","4.1%","±5.4","4,852","±685","86.5%","±12.0","79.5%","±13.5","8.1%","±12.6","5,808","±769","78.8%","±8.6","72.8%","±9.3","7.5%","±6.1","18,396","±773","74.6%","±6.3","69.6%","±6.7","6.2%","±3.5","4,869","±1,437","67.8%","±16.4","67.8%","±16.4","0.0%","±5.7","23,346","±836","70.4%","±6.7","65.0%","±6.9","7.7%","±3.7","18,247","±1,724","41.7%","±9.1","38.5%","±9.1","6.9%","±5.2","30,892","±234","79.5%","±4.4","61.9%","±6.2","9.4%","±3.9","4,543","±777","72.1%","±12.2","57.7%","±13.1","15.5%","±14.7","5,424","±888","67.9%","±12.2","67.9%","±12.2","0.0%","±5.1","8,112","±1,030","77.1%","±7.7","65.0%","±10.5","15.7%","±10.3","11,044","±1,029","78.4%","±7.5","54.6%","±10.9","11.5%","±9.0","4,127","±820","75.0%","±13.3","34.5%","±14.7","17.4%","±15.3","6,569","±695","88.5%","±7.1","80.4%","±8.3","4.6%","±4.0","16,529","±1,303","69.9%","±7.0","56.7%","±7.7","8.8%","±8.0","11,700","±1,225","80.6%","±6.2","53.4%","±7.1","8.5%","±5.7","13,995","±1,049","71.4%","±8.1","67.5%","±6.9","5.4%","±3.5","14,711","±1,265","86.4%","±5.5","57.4%","±7.7","12.1%","±6.8","32,250","±1,583","84.0%","±3.8","42.0%","±5.0","8.8%","±4.6","5,786","±966","78.7%","±10.0","39.2%","±14.6","18.7%","±14.1","18,678","±1,132","76.5%","±4.9","66.7%","±7.0","10.3%","±5.7","5,880","±934","81.3%","±10.9","74.9%","±10.8","6.9%","±6.7","5,773","±684","74.5%","±10.7","57.8%","±13.4","12.3%","±10.1","29,892","±869","86.3%","±3.7","61.5%","±5.7","10.6%","±4.0"
"        25 to 29 years","7,594","±985","83.4%","±7.2","78.8%","±7.7","5.5%","±5.7","28,428","±465","92.8%","±2.8","88.1%","±3.7","2.8%","±2.1","4,329","±491","90.8%","±6.7","80.5%","±12.7","11.4%","±10.1","4,107","±321","89.4%","±7.1","84.1%","±9.4","5.9%","±6.8","20,959","±779","84.4%","±5.6","78.2%","±5.5","7.0%","±3.1","72,903","±210","87.1%","±2.2","79.8%","±3.0","5.4%","±1.8","3,473","±621","81.0%","±16.9","81.0%","±16.9","0.0%","±6.6","5,017","±543","85.5%","±12.8","67.6%","±16.1","19.9%","±14.8","5,089","±431","90.6%","±5.0","80.6%","±8.8","10.1%","±8.3","22,208","±694","83.6%","±4.4","76.0%","±5.5","9.2%","±4.3","3,242","±899","82.0%","±13.9","75.4%","±12.8","8.1%","±12.4","21,044","±452","85.2%","±4.2","81.2%","±4.4","3.3%","±1.9","5,949","±592","88.2%","±7.0","84.2%","±8.6","4.5%","±6.3","30,409","±135","85.3%","±3.9","79.4%","±4.2","5.1%","±2.3","5,166","±434","79.8%","±11.1","76.6%","±11.0","3.9%","±4.8","5,262","±459","89.8%","±6.3","85.8%","±6.6","4.5%","±4.1","8,958","±966","78.4%","±8.8","76.3%","±8.9","1.0%","±1.8","9,612","±1,228","81.6%","±6.6","69.9%","±8.6","9.0%","±5.5","4,948","±617","70.7%","±12.9","63.0%","±13.8","0.9%","±1.9","14,402","±453","89.3%","±4.8","81.1%","±5.7","6.0%","±5.2","14,144","±910","85.8%","±6.2","69.4%","±10.8","6.6%","±6.3","11,031","±624","82.8%","±7.9","70.7%","±8.9","6.2%","±5.3","6,080","±749","89.4%","±7.4","78.0%","±11.0","12.7%","±11.3","14,587","±633","83.8%","±5.5","67.4%","±6.4","8.9%","±5.5","24,965","±313","84.3%","±5.5","54.5%","±7.0","3.9%","±2.8","7,710","±852","87.9%","±5.6","64.9%","±13.7","18.7%","±16.7","25,326","±270","86.9%","±3.9","83.8%","±4.2","3.5%","±2.2","7,630","±1,379","86.2%","±8.8","74.6%","±12.7","13.5%","±10.2","5,881","±718","85.0%","±7.7","68.8%","±8.8","11.3%","±10.5","35,587","±133","86.8%","±3.7","69.0%","±5.8","1.7%","±1.6"
"        30 to 34 years","6,347","±788","94.1%","±4.3","92.7%","±4.5","0.8%","±1.3","22,522","±876","90.9%","±3.1","87.9%","±3.6","1.9%","±1.5","4,619","±803","77.5%","±12.4","77.5%","±12.4","0.0%","±5.2","4,113","±353","76.8%","±10.4","73.9%","±10.8","3.7%","±4.1","23,455","±1,084","89.7%","±3.7","83.6%","±4.9","5.9%","±3.2","75,493","±199","88.1%","±2.1","81.3%","±2.6","4.3%","±1.6","4,219","±749","76.9%","±11.1","73.5%","±10.5","4.4%","±7.2","7,160","±1,345","90.1%","±4.8","82.2%","±8.3","8.8%","±8.2","6,830","±795","85.1%","±7.8","83.1%","±8.4","0.2%","±0.3","24,841","±588","88.4%","±4.3","84.4%","±5.1","4.5%","±2.5","3,356","±449","80.9%","±14.5","66.5%","±15.5","11.7%","±9.7","26,104","±15","87.0%","±3.9","85.2%","±3.8","1.6%","±1.3","6,536","±714","86.0%","±7.3","83.6%","±7.9","2.8%","±3.4","32,326","±218","83.0%","±4.0","73.4%","±4.6","8.0%","±3.3","5,313","±360","73.2%","±9.9","72.0%","±10.4","1.6%","±3.0","5,390","±511","83.8%","±7.5","80.6%","±8.6","3.8%","±5.9","8,999","±521","81.7%","±7.1","76.7%","±8.1","3.6%","±3.5","9,993","±1,085","78.7%","±6.8","70.0%","±8.7","8.1%","±8.9","4,091","±606","86.0%","±8.4","69.8%","±13.3","3.6%","±6.2","16,793","±7","93.4%","±3.3","90.7%","±3.6","2.0%","±1.6","18,135","±734","84.4%","±4.5","71.8%","±5.9","6.3%","±5.3","10,681","±799","87.3%","±6.0","66.6%","±11.0","8.8%","±4.9","4,621","±689","95.3%","±4.8","94.5%","±5.1","0.8%","±1.6","14,200","±583","86.8%","±5.6","73.5%","±8.5","7.4%","±5.5","20,691","±744","86.7%","±5.2","63.6%","±5.7","3.2%","±2.1","8,465","±658","88.0%","±7.0","74.7%","±8.2","6.6%","±6.2","24,182","±492","88.2%","±3.9","82.5%","±4.5","6.2%","±3.2","7,914","±1,178","84.9%","±6.6","79.4%","±8.2","5.7%","±5.3","6,202","±758","86.2%","±8.2","80.1%","±7.9","2.0%","±2.3","36,550","±256","87.6%","±2.8","75.1%","±3.9","3.7%","±2.6"
"        35 to 44 years","12,927","±1,075","88.7%","±4.8","87.8%","±4.7","1.0%","±1.3","38,780","±1,454","87.3%","±3.5","82.6%","±3.9","3.2%","±1.7","8,869","±718","68.9%","±8.2","68.9%","±8.2","0.0%","±3.1","8,580","±493","86.7%","±6.4","84.7%","±6.5","2.3%","±3.7","52,216","±1,292","88.0%","±2.7","81.9%","±3.4","4.6%","±2.0","166,069","±387","87.8%","±1.3","81.9%","±1.7","3.3%","±0.9","10,008","±899","89.1%","±5.0","85.2%","±6.3","4.5%","±4.3","12,097","±1,147","73.2%","±8.4","70.6%","±8.4","3.5%","±4.3","13,738","±794","87.5%","±4.3","86.1%","±4.9","1.3%","±1.9","46,921","±901","85.6%","±2.7","81.3%","±3.0","5.0%","±2.1","8,942","±827","86.5%","±6.4","76.1%","±7.9","5.2%","±5.1","72,648","±110","84.3%","±2.7","82.6%","±2.8","1.3%","±0.6","11,014","±748","90.5%","±4.6","84.1%","±7.4","6.3%","±6.0","72,956","±250","86.7%","±2.1","81.7%","±2.6","3.6%","±1.4","11,788","±954","85.1%","±5.5","80.2%","±7.0","2.8%","±3.5","9,986","±523","92.1%","±3.9","89.1%","±5.2","3.3%","±4.3","19,193","±809","90.7%","±3.9","86.3%","±4.6","3.2%","±2.6","24,898","±1,310","84.9%","±3.9","78.4%","±4.8","2.7%","±2.0","9,814","±1,209","85.8%","±5.9","68.0%","±7.9","5.7%","±4.8","29,915","±1,673","92.3%","±2.9","85.5%","±4.2","3.9%","±2.5","37,870","±1,179","86.7%","±3.7","73.3%","±4.8","4.8%","±2.4","17,595","±576","86.7%","±4.6","78.2%","±5.4","3.8%","±2.9","7,977","±894","81.1%","±8.7","68.4%","±11.9","15.7%","±12.7","24,753","±977","80.5%","±4.7","69.5%","±5.6","6.5%","±3.5","28,524","±920","88.6%","±3.0","71.6%","±4.8","5.1%","±2.1","13,687","±955","76.4%","±8.3","67.8%","±7.3","4.8%","±4.0","31,810","±1,009","85.1%","±3.7","77.6%","±4.4","8.8%","±4.1","12,387","±1,043","84.8%","±6.0","81.3%","±6.4","4.0%","±3.8","13,649","±724","83.9%","±5.5","69.2%","±6.7","5.0%","±6.3","64,374","±249","84.7%","±2.6","72.1%","±3.2","4.4%","±1.7"
"        45 to 54 years","14,801","±1,319","86.5%","±4.9","80.9%","±6.9","4.4%","±4.5","30,975","±1,488","88.3%","±3.4","83.5%","±4.1","3.3%","±1.9","9,479","±488","81.0%","±8.1","77.9%","±7.7","3.8%","±5.3","10,119","±548","78.9%","±6.9","78.1%","±7.0","1.0%","±1.3","48,088","±783","88.7%","±2.5","85.2%","±2.7","3.9%","±1.6","157,286","±221","87.5%","±1.4","82.9%","±1.6","3.8%","±0.9","9,219","±613","87.6%","±6.0","87.5%","±6.0","0.1%","±0.2","11,349","±942","85.2%","±5.7","82.3%","±5.7","2.1%","±2.4","15,542","±1,035","79.3%","±5.8","77.1%","±6.0","2.8%","±2.9","42,274","±724","88.1%","±2.8","87.1%","±2.9","1.1%","±0.8","10,507","±945","78.6%","±8.1","74.8%","±8.3","2.9%","±3.6","67,333","±120","91.6%","±1.8","88.5%","±2.0","2.9%","±1.4","9,413","±390","84.1%","±6.2","81.5%","±6.7","1.8%","±2.1","67,357","±132","87.7%","±2.3","83.3%","±2.4","3.5%","±1.4","13,528","±738","87.3%","±5.3","84.8%","±6.7","0.0%","±1.7","9,878","±586","82.7%","±6.4","81.8%","±6.8","1.2%","±2.1","19,269","±866","84.7%","±4.7","81.8%","±5.0","3.2%","±2.1","21,909","±753","87.5%","±3.5","84.3%","±3.8","2.5%","±2.3","8,039","±817","86.1%","±5.2","83.0%","±5.3","0.8%","±1.3","20,069","±1,619","89.2%","±4.0","84.6%","±4.8","4.5%","±3.0","30,191","±1,020","87.3%","±3.6","80.4%","±4.2","3.4%","±2.1","13,081","±599","82.1%","±6.0","79.3%","±6.1","2.5%","±2.3","6,437","±868","91.3%","±5.7","85.6%","±7.4","6.3%","±4.6","18,837","±941","84.7%","±4.4","79.5%","±4.4","3.8%","±2.1","21,235","±707","78.1%","±5.0","73.3%","±5.0","2.6%","±1.7","8,978","±997","85.5%","±5.2","81.2%","±6.0","4.0%","±3.3","21,745","±916","72.2%","±6.3","66.2%","±6.8","7.8%","±4.9","11,861","±603","78.9%","±6.0","77.1%","±6.0","2.3%","±2.9","12,252","±340","80.4%","±6.3","76.8%","±6.4","3.1%","±3.0","53,148","±375","83.8%","±3.0","77.9%","±3.4","3.3%","±2.0"
"        55 to 59 years","6,976","±1,037","74.8%","±10.4","74.2%","±10.4","0.8%","±1.4","12,659","±1,402","84.3%","±5.1","79.2%","±6.2","5.7%","±4.5","5,463","±1,348","86.1%","±7.9","82.5%","±8.6","4.1%","±5.2","7,072","±1,071","71.8%","±9.7","70.3%","±10.1","2.1%","±3.9","22,990","±2,350","74.7%","±5.6","72.5%","±5.7","2.9%","±1.9","73,249","±3,130","85.1%","±2.4","81.3%","±2.6","4.2%","±1.6","5,043","±1,070","81.3%","±8.8","81.1%","±8.8","0.2%","±0.4","6,742","±1,245","89.5%","±6.8","85.3%","±8.1","4.8%","±5.9","7,577","±1,150","84.5%","±6.5","83.6%","±6.5","1.1%","±1.5","21,769","±2,060","84.8%","±4.4","79.5%","±4.4","6.2%","±2.9","3,977","±1,127","88.2%","±9.5","88.2%","±9.5","0.0%","±5.3","25,569","±1,854","84.7%","±4.2","82.7%","±4.5","2.4%","±1.5","4,175","±911","67.0%","±13.6","67.0%","±13.6","0.0%","±6.6","30,280","±2,050","87.2%","±2.9","84.4%","±3.6","3.0%","±2.0","6,986","±960","79.5%","±8.6","75.6%","±9.2","4.9%","±5.4","5,689","±1,021","91.2%","±5.5","86.3%","±7.7","5.4%","±6.7","8,366","±1,117","80.4%","±5.4","71.4%","±6.2","8.9%","±5.4","11,711","±1,290","79.8%","±5.7","77.2%","±6.2","3.3%","±3.3","5,072","±935","83.9%","±8.9","80.9%","±9.2","3.6%","±4.4","9,210","±1,190","80.1%","±7.3","75.9%","±7.5","4.1%","±3.4","16,119","±1,948","76.0%","±6.7","75.4%","±7.1","0.9%","±1.4","8,051","±1,115","78.3%","±7.3","75.6%","±8.1","3.5%","±3.8","3,268","±735","76.9%","±11.1","75.3%","±11.7","2.0%","±3.3","11,356","±1,187","74.9%","±6.2","72.1%","±6.2","3.7%","±2.6","12,872","±1,238","70.9%","±5.7","68.1%","±5.7","4.0%","±3.6","5,945","±874","81.3%","±7.7","78.0%","±9.0","0.7%","±1.2","12,567","±1,433","66.7%","±9.1","62.5%","±8.5","6.3%","±6.0","6,158","±1,047","66.1%","±10.5","61.7%","±10.8","6.7%","±5.4","7,539","±942","75.8%","±8.3","69.0%","±8.8","4.9%","±5.5","29,023","±1,776","80.3%","±4.0","78.1%","±4.4","2.3%","±1.4"
"        60 to 64 years","6,597","±1,055","70.1%","±8.8","69.0%","±8.7","1.5%","±2.5","10,334","±1,377","69.4%","±7.1","66.5%","±7.2","4.1%","±4.1","6,803","±1,415","67.0%","±10.7","66.1%","±11.0","1.3%","±2.3","6,531","±1,203","55.9%","±9.1","54.6%","±9.2","2.2%","±3.7","25,087","±2,228","59.7%","±6.0","55.7%","±5.8","6.8%","±3.9","71,248","±3,170","70.1%","±2.4","67.0%","±2.5","4.5%","±1.3","6,230","±894","69.4%","±8.4","67.5%","±8.5","2.7%","±3.3","6,285","±1,129","59.8%","±10.6","56.2%","±8.5","6.1%","±9.0","8,361","±1,090","69.8%","±7.6","67.2%","±7.6","3.7%","±3.2","21,195","±2,026","68.4%","±6.5","68.1%","±6.6","0.5%","±0.8","6,420","±1,052","76.6%","±10.0","76.6%","±10.0","0.0%","±3.8","22,158","±1,858","74.2%","±5.2","71.6%","±5.4","3.5%","±1.8","5,273","±984","39.3%","±12.5","36.2%","±12.9","7.7%","±9.8","26,483","±2,032","65.9%","±5.1","63.8%","±5.2","3.1%","±1.8","5,961","±906","65.4%","±7.3","60.8%","±7.8","7.0%","±5.7","5,913","±935","71.0%","±7.7","62.8%","±8.9","11.6%","±10.0","10,768","±1,135","68.1%","±7.3","66.7%","±7.2","2.2%","±2.3","8,260","±1,245","55.0%","±8.4","53.4%","±8.3","3.0%","±2.3","4,721","±859","71.0%","±10.3","68.5%","±11.0","3.5%","±3.5","8,096","±1,167","78.6%","±6.2","73.8%","±7.1","6.1%","±4.8","16,113","±1,783","66.6%","±6.4","65.6%","±6.4","1.4%","±1.4","10,223","±1,066","66.1%","±8.3","64.6%","±8.0","2.4%","±1.9","3,526","±763","60.2%","±12.4","60.2%","±12.4","0.0%","±8.7","10,977","±1,179","66.1%","±6.4","63.2%","±6.6","3.4%","±2.8","12,428","±1,268","60.8%","±5.8","57.9%","±5.7","4.8%","±3.2","6,015","±868","49.9%","±11.0","47.4%","±11.5","4.9%","±5.5","14,289","±1,330","54.9%","±8.2","51.0%","±8.3","7.1%","±4.9","5,946","±1,067","58.3%","±9.2","57.0%","±9.0","2.2%","±3.6","5,863","±942","66.1%","±12.0","60.3%","±11.8","8.8%","±7.5","28,698","±1,893","64.6%","±4.0","63.2%","±4.3","2.1%","±1.6"
"        65 to 74 years","13,512","±453","30.5%","±7.1","30.0%","±7.1","1.6%","±2.7","16,824","±1,234","36.1%","±6.9","34.6%","±6.8","4.3%","±3.3","9,761","±178","26.8%","±8.5","26.8%","±8.5","0.0%","±7.1","11,081","±412","23.0%","±6.6","22.6%","±6.5","1.8%","±2.9","37,830","±1,080","24.3%","±3.3","23.6%","±3.1","3.2%","±2.5","100,497","±269","36.4%","±1.7","34.1%","±1.9","6.1%","±2.3","7,350","±527","30.3%","±7.6","28.8%","±7.2","5.0%","±7.7","9,875","±378","26.8%","±8.7","25.5%","±8.6","4.7%","±4.0","12,988","±604","30.5%","±5.6","29.8%","±5.4","2.2%","±2.9","33,300","±573","28.2%","±3.7","27.8%","±3.6","1.6%","±1.6","12,239","±594","20.6%","±6.4","18.5%","±6.0","10.1%","±14.1","26,147","±621","35.8%","±5.4","34.0%","±5.1","5.1%","±3.0","8,435","±303","21.4%","±7.5","21.4%","±7.5","0.0%","±10.1","33,387","±199","28.3%","±3.8","26.4%","±3.5","6.9%","±3.7","12,690","±321","29.0%","±6.8","28.3%","±6.9","2.3%","±4.1","9,856","±294","38.1%","±7.5","37.2%","±7.5","2.5%","±2.9","13,304","±399","23.3%","±5.6","21.5%","±5.5","7.4%","±8.0","11,170","±471","27.2%","±7.3","25.2%","±6.6","7.3%","±6.6","6,465","±530","32.4%","±8.3","32.4%","±8.3","0.0%","±8.8","12,040","±948","48.0%","±6.8","45.4%","±6.9","5.5%","±4.5","22,620","±738","30.3%","±4.9","28.7%","±5.1","5.4%","±6.2","12,975","±237","19.0%","±5.6","18.6%","±5.6","2.1%","±2.7","6,654","±466","18.8%","±6.6","18.8%","±6.6","0.0%","±14.2","14,740","±305","29.6%","±5.1","26.7%","±5.3","9.6%","±8.0","17,485","±329","26.6%","±4.5","25.3%","±4.4","5.0%","±4.1","9,890","±489","30.4%","±8.3","30.4%","±8.3","0.0%","±6.2","20,717","±578","24.7%","±4.2","22.9%","±4.0","7.4%","±4.8","11,269","±563","22.2%","±5.5","21.3%","±5.5","4.0%","±5.1","9,088","±284","29.9%","±9.0","29.9%","±9.0","0.0%","±6.8","42,035","±585","31.2%","±3.6","30.3%","±3.6","2.7%","±2.0"
"        75 years and over","8,917","±368","3.1%","±2.9","3.1%","±2.9","0.0%","±43.2","10,821","±788","7.1%","±3.0","6.1%","±2.7","13.4%","±19.7","6,872","±144","7.3%","±4.6","7.3%","±4.6","0.0%","±30.9","6,972","±399","7.6%","±4.7","6.7%","±4.6","11.8%","±20.5","20,616","±1,065","6.9%","±2.7","6.9%","±2.7","0.0%","±12.6","65,073","±162","8.4%","±1.5","8.3%","±1.5","0.8%","±1.3","5,216","±509","12.2%","±5.7","12.2%","±5.7","0.0%","±25.7","7,015","±405","9.2%","±6.6","8.2%","±6.3","10.9%","±18.5","8,593","±607","10.6%","±5.2","10.6%","±5.2","0.0%","±19.0","21,527","±496","6.5%","±2.6","6.5%","±2.6","0.0%","±12.9","9,146","±390","9.1%","±4.9","9.1%","±4.9","0.0%","±20.4","17,207","±607","9.3%","±2.9","9.1%","±2.9","2.0%","±3.2","4,974","±216","2.1%","±3.6","2.1%","±3.6","0.0%","±70.1","19,086","±178","9.7%","±3.0","8.1%","±2.5","16.1%","±12.2","9,335","±504","6.1%","±3.4","5.0%","±3.3","18.5%","±27.6","6,802","±69","7.8%","±5.0","7.8%","±5.0","0.0%","±29.6","8,080","±338","9.7%","±4.5","9.7%","±4.5","0.0%","±21.5","5,736","±343","5.0%","±3.5","4.1%","±3.1","17.6%","±28.1","5,866","±787","4.2%","±2.7","3.5%","±2.4","16.6%","±25.5","7,710","±690","10.2%","±4.9","10.2%","±4.9","0.0%","±21.4","12,746","±350","12.9%","±6.1","12.6%","±5.9","2.6%","±4.4","8,371","±222","6.3%","±4.1","6.3%","±4.1","0.0%","±29.7","5,077","±464","4.3%","±3.6","4.3%","±3.6","0.0%","±48.7","10,265","±365","6.0%","±3.0","5.3%","±2.8","11.3%","±19.1","10,236","±370","8.9%","±3.3","8.6%","±3.3","3.0%","±4.7","5,409","±371","6.5%","±4.8","6.5%","±4.8","0.0%","±38.5","11,436","±558","9.3%","±4.3","8.8%","±4.3","5.5%","±10.1","6,003","±273","4.7%","±3.3","3.4%","±2.4","27.6%","±38.1","5,293","±292","4.4%","±3.2","4.4%","±3.2","0.0%","±47.4","27,097","±350","7.8%","±2.3","7.4%","±2.2","5.2%","±8.2"
"    RACE AND HISPANIC OR LATINO ORIGIN","","","","","","","","","","","","","","","","","","","","","","","","","","","","","","","","","","","","","","","","","","","","","","","","","","","","","","","","","","","","","","","","","","","","","","","","","","","","","","","","","","","","","","","","","","","","","","","","","","","","","","","","","","","","","","","","","","","","","","","","","","","","","","","","","","","","","","","","","","","","","","","","","","","","","","","","","","","","","","","","","","","","","","","","","","","","","","","","","","","","","","","","","","","","","","","","","","","","","","","","","","","","","","","","","","","","","","","","","","","","","","","","","","","","","","","","","","","","","","","",""
"        White alone","73,239","±835","59.2%","±2.5","58.0%","±2.5","1.8%","±1.1","123,076","±1,901","78.4%","±1.5","74.3%","±1.7","2.9%","±1.0","59,321","±948","60.2%","±3.3","58.5%","±3.6","2.8%","±1.7","57,865","±786","57.1%","±3.1","55.3%","±3.0","3.2%","±1.5","178,766","±1,912","64.7%","±1.6","61.3%","±1.6","4.5%","±1.1","468,051","±3,624","68.8%","±0.8","64.4%","±1.0","4.1%","±0.6","48,391","±929","68.0%","±3.7","65.8%","±3.8","3.3%","±2.2","61,652","±1,062","62.4%","±3.3","58.6%","±3.6","5.8%","±2.5","74,612","±1,651","67.3%","±2.0","65.4%","±2.1","2.3%","±1.2","141,287","±1,540","66.0%","±1.6","63.8%","±1.6","3.4%","±0.9","51,577","±1,299","55.0%","±3.1","51.6%","±3.2","3.2%","±2.1","179,649","±2,099","72.4%","±1.7","70.1%","±1.8","2.4%","±0.6","71,504","±630","54.1%","±2.6","52.0%","±2.5","3.3%","±1.6","165,610","±4,241","69.5%","±1.6","64.1%","±1.7","4.0%","±1.0","68,326","±568","59.3%","±3.0","56.0%","±3.1","3.7%","±1.7","60,376","±636","67.5%","±2.5","65.0%","±2.9","3.7%","±1.8","75,601","±1,472","66.5%","±2.3","63.4%","±2.5","4.0%","±1.7","73,717","±1,916","68.2%","±2.4","60.9%","±2.7","5.8%","±2.3","39,375","±1,323","66.4%","±2.8","58.9%","±3.3","3.0%","±1.9","71,153","±1,048","78.6%","±2.0","73.5%","±2.3","3.3%","±1.5","111,910","±1,328","68.3%","±1.9","62.3%","±2.3","2.5%","±1.2","43,837","±858","65.1%","±3.7","54.9%","±3.8","2.9%","±1.5","41,549","±1,451","63.8%","±3.7","60.7%","±4.1","4.8%","±2.4","64,444","±1,813","64.7%","±2.8","56.4%","±2.9","4.2%","±2.1","89,883","±1,262","71.0%","±2.1","49.3%","±2.6","2.6%","±1.2","30,157","±799","68.4%","±3.3","56.0%","±4.1","4.0%","±2.6","87,317","±1,589","71.3%","±2.5","69.3%","±2.5","2.6%","±1.1","48,038","±797","63.0%","±3.1","59.9%","±3.2","4.6%","±1.7","37,426","±512","64.3%","±3.8","54.8%","±4.1","6.5%","±4.4","231,229","±1,861","67.8%","±1.5","60.0%","±1.6","2.9%","±0.9"
"        Black or African American alone","N","N","N","N","N","N","N","N","17,501","±1,225","60.2%","±8.5","51.3%","±8.8","11.9%","±7.0","N","N","N","N","N","N","N","N","N","N","N","N","N","N","N","N","69,642","±2,046","71.3%","±3.5","64.5%","±3.6","8.3%","±2.9","86,906","±2,479","72.8%","±2.4","63.3%","±2.7","10.0%","±2.5","N","N","N","N","N","N","N","N","N","N","N","N","N","N","N","N","N","N","N","N","N","N","N","N","80,670","±1,499","67.3%","±3.2","63.6%","±3.0","5.6%","±1.8","N","N","N","N","N","N","N","N","24,341","±1,697","75.9%","±4.8","72.8%","±4.9","3.2%","±1.9","N","N","N","N","N","N","N","N","76,302","±1,993","77.2%","±2.5","70.2%","±2.9","6.9%","±2.0","N","N","N","N","N","N","N","N","N","N","N","N","N","N","N","N","20,117","±741","68.8%","±6.7","62.0%","±6.7","7.6%","±4.9","24,441","±1,131","73.5%","±4.4","68.1%","±5.3","4.2%","±3.2","N","N","N","N","N","N","N","N","26,576","±1,386","76.9%","±5.6","71.4%","±6.0","6.3%","±3.0","54,949","±3,349","67.5%","±3.4","59.2%","±4.0","8.8%","±4.2","52,886","±2,364","66.7%","±3.3","57.7%","±4.5","8.2%","±3.3","17,307","±517","54.0%","±6.8","47.8%","±7.1","11.5%","±7.1","56,885","±1,731","69.6%","±2.8","59.3%","±2.9","9.8%","±2.9","75,346","±1,552","68.0%","±2.1","55.4%","±2.7","7.0%","±2.1","38,041","±1,573","59.1%","±4.7","49.8%","±5.5","11.0%","±5.2","78,504","±1,759","57.7%","±4.3","49.3%","±3.9","13.9%","±4.7","21,877","±1,100","64.6%","±4.8","58.0%","±5.6","10.1%","±6.4","30,063","±1,419","63.7%","±5.0","58.4%","±5.7","6.3%","±3.4","68,162","±2,267","73.4%","±3.2","61.4%","±4.3","7.7%","±3.6"
"        American Indian and Alaska Native alone","N","N","N","N","N","N","N","N","N","N","N","N","N","N","N","N","N","N","N","N","N","N","N","N","N","N","N","N","N","N","N","N","N","N","N","N","N","N","N","N","N","N","N","N","N","N","N","N","N","N","N","N","N","N","N","N","N","N","N","N","N","N","N","N","N","N","N","N","N","N","N","N","N","N","N","N","N","N","N","N","N","N","N","N","N","N","N","N","N","N","N","N","N","N","N","N","N","N","N","N","N","N","N","N","N","N","N","N","N","N","N","N","N","N","N","N","N","N","N","N","N","N","N","N","N","N","N","N","N","N","N","N","N","N","N","N","N","N","N","N","N","N","N","N","N","N","N","N","N","N","N","N","N","N","N","N","N","N","N","N","N","N","N","N","N","N","N","N","N","N","N","N","N","N","N","N","N","N","N","N","N","N","N","N","N","N","N","N","N","N","N","N","N","N","N","N","N","N","N","N","N","N","N","N","N","N","N","N","N","N","N","N","N","N","N","N","N","N","N","N","N","N","N","N","N","N","N","N","N","N","N","N","N","N","N","N","N","N","N","N"
"        Asian alone","N","N","N","N","N","N","N","N","21,755","±936","72.7%","±3.5","70.6%","±3.5","1.3%","±1.1","N","N","N","N","N","N","N","N","N","N","N","N","N","N","N","N","N","N","N","N","N","N","N","N","191,808","±3,017","68.8%","±1.5","65.1%","±1.6","4.6%","±1.2","N","N","N","N","N","N","N","N","N","N","N","N","N","N","N","N","N","N","N","N","N","N","N","N","24,907","±981","70.9%","±5.0","66.3%","±5.0","6.4%","±3.1","N","N","N","N","N","N","N","N","71,189","±1,449","72.7%","±2.6","70.2%","±2.8","3.3%","±1.3","N","N","N","N","N","N","N","N","36,027","±1,926","65.6%","±3.2","60.6%","±3.4","5.7%","±2.6","N","N","N","N","N","N","N","N","N","N","N","N","N","N","N","N","N","N","N","N","N","N","N","N","N","N","N","N","N","N","N","N","N","N","N","N","N","N","N","N","N","N","N","N","N","N","N","N","7,712","±1,043","69.7%","±8.2","59.8%","±9.7","4.7%","±4.8","N","N","N","N","N","N","N","N","N","N","N","N","N","N","N","N","N","N","N","N","N","N","N","N","7,830","±557","65.7%","±6.8","51.1%","±7.5","1.3%","±2.2","N","N","N","N","N","N","N","N","N","N","N","N","N","N","N","N","N","N","N","N","N","N","N","N","N","N","N","N","N","N","N","N","27,072","±2,133","67.5%","±3.9","62.3%","±3.9","4.6%","±2.9"
"        Native Hawaiian and Other Pacific Islander alone","N","N","N","N","N","N","N","N","N","N","N","N","N","N","N","N","N","N","N","N","N","N","N","N","N","N","N","N","N","N","N","N","N","N","N","N","N","N","N","N","N","N","N","N","N","N","N","N","N","N","N","N","N","N","N","N","N","N","N","N","N","N","N","N","N","N","N","N","N","N","N","N","N","N","N","N","N","N","N","N","N","N","N","N","N","N","N","N","N","N","N","N","N","N","N","N","N","N","N","N","N","N","N","N","N","N","N","N","N","N","N","N","N","N","N","N","N","N","N","N","N","N","N","N","N","N","N","N","N","N","N","N","N","N","N","N","N","N","N","N","N","N","N","N","N","N","N","N","N","N","N","N","N","N","N","N","N","N","N","N","N","N","N","N","N","N","N","N","N","N","N","N","N","N","N","N","N","N","N","N","N","N","N","N","N","N","N","N","N","N","N","N","N","N","N","N","N","N","N","N","N","N","N","N","N","N","N","N","N","N","N","N","N","N","N","N","N","N","N","N","N","N","N","N","N","N","N","N","N","N","N","N","N","N","N","N","N","N","N","N"
"        Some other race alone","N","N","N","N","N","N","N","N","N","N","N","N","N","N","N","N","N","N","N","N","N","N","N","N","N","N","N","N","N","N","N","N","16,374","±2,646","76.0%","±5.4","66.9%","±7.6","12.0%","±6.6","53,171","±6,504","74.5%","±5.0","69.9%","±5.1","5.3%","±2.3","N","N","N","N","N","N","N","N","N","N","N","N","N","N","N","N","N","N","N","N","N","N","N","N","N","N","N","N","N","N","N","N","N","N","N","N","N","N","N","N","N","N","N","N","N","N","N","N","N","N","N","N","N","N","N","N","30,183","±5,673","75.7%","±4.6","72.5%","±4.6","3.4%","±1.8","N","N","N","N","N","N","N","N","N","N","N","N","N","N","N","N","N","N","N","N","N","N","N","N","N","N","N","N","N","N","N","N","N","N","N","N","N","N","N","N","N","N","N","N","N","N","N","N","N","N","N","N","N","N","N","N","N","N","N","N","N","N","N","N","N","N","N","N","N","N","N","N","N","N","N","N","N","N","N","N","N","N","N","N","N","N","N","N","N","N","N","N","N","N","N","N","N","N","N","N","N","N","N","N","N","N","N","N","N","N","N","N","N","N","N","N","N","N","N","N","N","N","N","N","N","N","N","N"
"        Two or more races","N","N","N","N","N","N","N","N","22,514","±3,357","80.7%","±4.8","73.5%","±5.7","3.6%","±2.2","N","N","N","N","N","N","N","N","N","N","N","N","N","N","N","N","15,472","±3,018","69.8%","±6.9","65.4%","±7.0","5.4%","±4.2","101,756","±6,472","74.5%","±2.5","69.7%","±2.8","5.3%","±1.6","N","N","N","N","N","N","N","N","N","N","N","N","N","N","N","N","N","N","N","N","N","N","N","N","14,654","±2,155","76.2%","±5.1","71.5%","±6.3","6.0%","±4.1","N","N","N","N","N","N","N","N","34,431","±4,366","74.1%","±3.8","70.0%","±3.8","5.4%","±2.1","N","N","N","N","N","N","N","N","56,900","±5,356","73.2%","±3.1","66.4%","±3.8","6.0%","±2.3","N","N","N","N","N","N","N","N","N","N","N","N","N","N","N","N","N","N","N","N","N","N","N","N","N","N","N","N","N","N","N","N","N","N","N","N","N","N","N","N","16,445","±2,067","81.8%","±4.5","75.6%","±5.6","7.0%","±5.0","N","N","N","N","N","N","N","N","N","N","N","N","N","N","N","N","N","N","N","N","N","N","N","N","13,438","±2,476","81.4%","±6.1","58.9%","±8.1","11.8%","±6.0","14,104","±2,268","75.0%","±6.2","48.1%","±7.6","3.7%","±2.9","N","N","N","N","N","N","N","N","12,373","±2,353","73.6%","±6.2","69.1%","±6.4","5.5%","±3.3","N","N","N","N","N","N","N","N","N","N","N","N","N","N","N","N","30,373","±3,481","74.8%","±4.6","57.7%","±5.3","4.9%","±2.9"
"        Hispanic or Latino origin (of any race)","N","N","N","N","N","N","N","N","28,857","±154","76.7%","±4.9","71.5%","±5.1","2.6%","±1.9","N","N","N","N","N","N","N","N","N","N","N","N","N","N","N","N","25,821","±483","77.3%","±4.8","68.6%","±5.8","9.6%","±4.8","137,180","±693","75.4%","±2.3","71.2%","±2.7","4.7%","±1.4","N","N","N","N","N","N","N","N","N","N","N","N","N","N","N","N","N","N","N","N","N","N","N","N","N","N","N","N","N","N","N","N","N","N","N","N","N","N","N","N","42,863","±450","76.4%","±3.7","74.3%","±3.8","2.7%","±1.4","N","N","N","N","N","N","N","N","87,762","±694","77.0%","±2.5","71.8%","±2.8","4.2%","±1.6","N","N","N","N","N","N","N","N","N","N","N","N","N","N","N","N","N","N","N","N","N","N","N","N","N","N","N","N","N","N","N","N","N","N","N","N","N","N","N","N","19,393","±227","81.0%","±4.4","75.0%","±5.4","6.1%","±4.3","N","N","N","N","N","N","N","N","N","N","N","N","N","N","N","N","N","N","N","N","N","N","N","N","12,656","±275","79.1%","±5.2","58.3%","±6.4","9.7%","±5.0","16,277","±297","76.7%","±4.8","45.9%","±6.8","3.5%","±2.9","N","N","N","N","N","N","N","N","N","N","N","N","N","N","N","N","N","N","N","N","N","N","N","N","N","N","N","N","N","N","N","N","29,653","±343","76.1%","±4.8","60.2%","±5.4","3.0%","±2.1"
"        White alone, not Hispanic or Latino","72,254","±612","59.2%","±2.5","58.1%","±2.5","1.7%","±1.0","118,069","±1,106","78.3%","±1.5","74.1%","±1.7","3.0%","±1.0","58,436","±496","60.1%","±3.4","58.4%","±3.7","2.8%","±1.7","57,585","±777","57.0%","±3.1","55.1%","±3.0","3.2%","±1.5","176,051","±1,574","64.5%","±1.7","61.2%","±1.7","4.4%","±1.0","451,322","±2,222","68.3%","±0.8","63.9%","±1.0","4.2%","±0.6","46,777","±456","67.2%","±3.7","64.9%","±3.9","3.5%","±2.3","61,180","±906","62.6%","±3.3","58.8%","±3.6","5.8%","±2.5","74,290","±1,602","67.3%","±2.0","65.5%","±2.1","2.3%","±1.2","139,766","±1,231","65.7%","±1.6","63.5%","±1.6","3.4%","±1.0","49,997","±730","55.3%","±3.0","51.8%","±3.2","3.3%","±2.1","175,720","±1,431","72.5%","±1.7","70.2%","±1.8","2.4%","±0.6","70,971","±506","54.1%","±2.6","51.9%","±2.5","3.4%","±1.6","151,067","±1,486","68.6%","±1.6","63.6%","±1.8","3.9%","±0.9","68,208","±526","59.2%","±2.9","55.9%","±3.1","3.7%","±1.7","60,048","±513","67.4%","±2.5","64.9%","±2.9","3.7%","±1.8","73,361","±1,072","65.9%","±2.3","63.0%","±2.4","3.7%","±1.6","70,341","±1,304","67.7%","±2.5","60.6%","±2.6","6.1%","±2.4","38,585","±957","65.9%","±2.8","59.2%","±3.4","3.0%","±1.9","68,717","±555","78.6%","±2.0","73.9%","±2.4","3.1%","±1.4","110,577","±1,144","68.2%","±1.9","62.5%","±2.3","2.5%","±1.2","41,916","±736","63.6%","±3.9","55.3%","±4.0","3.0%","±1.6","41,229","±1,414","63.7%","±3.7","60.6%","±4.2","4.8%","±2.5","62,342","±1,264","64.6%","±2.8","56.6%","±2.9","4.1%","±2.1","87,071","±954","70.9%","±2.2","50.0%","±2.6","2.6%","±1.2","29,370","±506","67.5%","±3.2","55.2%","±3.9","4.2%","±2.7","86,006","±1,403","71.4%","±2.5","69.4%","±2.5","2.6%","±1.1","47,094","±548","62.6%","±3.2","59.9%","±3.2","4.0%","±1.6","37,389","±506","64.4%","±3.8","54.8%","±4.1","6.5%","±4.4","226,164","±1,202","67.5%","±1.5","60.0%","±1.6","2.9%","±0.9"
"Population 20 to 64 years","60,167","±1,556","83.2%","±2.6","80.1%","±2.7","3.1%","±1.6","161,139","±1,192","87.1%","±1.8","82.0%","±2.0","3.3%","±0.8","43,767","±992","77.1%","±4.4","74.8%","±4.6","3.1%","±1.9","44,636","±1,131","76.8%","±3.2","74.9%","±3.2","2.5%","±1.4","214,932","±1,378","82.2%","±1.6","77.3%","±1.7","5.1%","±1.0","683,318","±902","84.6%","±0.8","79.1%","±0.8","4.6%","±0.5","42,072","±1,139","81.8%","±3.6","79.9%","±3.7","2.3%","±1.5","53,502","±778","80.8%","±3.2","75.3%","±3.7","6.4%","±2.5","62,945","±1,070","81.9%","±2.7","79.1%","±2.8","3.1%","±1.4","197,604","±855","83.3%","±1.5","79.7%","±1.5","4.4%","±0.9","41,313","±1,087","80.1%","±3.8","75.2%","±4.2","3.5%","±2.0","258,202","±879","84.5%","±1.4","81.8%","±1.6","2.7%","±0.6","60,607","±1,380","68.0%","±3.0","64.6%","±3.1","4.5%","±1.9","290,703","±223","83.8%","±1.3","77.4%","±1.4","4.7%","±0.7","53,285","±869","79.9%","±3.1","75.5%","±3.3","3.7%","±1.6","47,542","±858","83.5%","±2.5","80.2%","±2.9","3.9%","±1.9","83,665","±743","81.8%","±2.2","77.1%","±2.6","4.6%","±1.6","97,427","±991","80.6%","±2.3","73.1%","±2.9","4.7%","±1.8","40,812","±1,070","81.0%","±3.2","68.8%","±4.2","4.0%","±1.9","105,054","±901","89.1%","±1.9","83.5%","±2.1","4.2%","±1.4","149,101","±1,367","81.3%","±1.7","71.7%","±2.2","4.5%","±1.5","82,362","±1,124","81.3%","±2.3","70.4%","±2.7","4.9%","±1.7","45,904","±1,175","80.2%","±4.2","74.3%","±4.5","7.3%","±3.4","109,421","±1,331","81.2%","±2.0","69.5%","±2.5","6.5%","±1.8","152,965","±1,539","81.5%","±1.8","60.3%","±2.1","4.7%","±1.2","56,586","±1,064","79.1%","±3.0","66.6%","±3.4","7.6%","±3.1","148,597","±1,201","78.5%","±2.4","72.6%","±2.4","7.1%","±1.9","57,776","±870","78.7%","±2.8","74.0%","±3.1","5.7%","±2.3","57,159","±582","79.7%","±3.7","69.9%","±3.7","5.9%","±2.6","277,272","±928","82.8%","±1.2","71.8%","±1.6","3.9%","±1.0"
"    SEX","","","","","","","","","","","","","","","","","","","","","","","","","","","","","","","","","","","","","","","","","","","","","","","","","","","","","","","","","","","","","","","","","","","","","","","","","","","","","","","","","","","","","","","","","","","","","","","","","","","","","","","","","","","","","","","","","","","","","","","","","","","","","","","","","","","","","","","","","","","","","","","","","","","","","","","","","","","","","","","","","","","","","","","","","","","","","","","","","","","","","","","","","","","","","","","","","","","","","","","","","","","","","","","","","","","","","","","","","","","","","","","","","","","","","","","","","","","","","","","",""
"        Male","28,495","±1,174","87.9%","±3.5","85.1%","±3.8","2.1%","±1.2","81,709","±1,144","89.4%","±2.2","83.1%","±2.4","3.3%","±1.0","22,545","±812","76.5%","±6.4","75.3%","±6.5","1.5%","±1.6","22,116","±788","86.2%","±4.0","84.6%","±4.3","1.9%","±1.3","103,337","±768","87.4%","±2.0","82.1%","±2.3","4.5%","±1.4","343,166","±873","90.1%","±0.8","83.0%","±1.2","4.9%","±0.8","21,345","±937","86.7%","±4.5","85.0%","±4.6","2.0%","±1.8","26,719","±488","86.1%","±5.1","83.1%","±5.2","2.9%","±2.6","31,017","±517","86.3%","±4.0","82.1%","±4.4","4.3%","±2.4","94,459","±538","88.9%","±2.1","85.2%","±2.3","4.1%","±1.2","19,623","±923","84.2%","±5.5","75.4%","±6.5","5.1%","±3.6","130,463","±570","91.6%","±1.4","89.1%","±1.6","2.0%","±0.7","31,484","±547","69.8%","±5.5","67.0%","±6.1","2.8%","±2.4","147,044","±213","91.0%","±1.5","83.1%","±1.8","4.9%","±1.0","26,313","±700","82.9%","±3.6","77.4%","±4.8","3.0%","±2.4","23,931","±511","87.9%","±3.0","85.4%","±3.5","2.7%","±2.1","41,216","±709","90.5%","±2.5","85.3%","±3.4","4.1%","±1.9","50,092","±855","86.6%","±2.7","76.6%","±3.2","4.7%","±2.0","20,722","±655","91.6%","±3.4","72.8%","±6.0","2.5%","±1.7","51,574","±565","91.0%","±2.6","84.4%","±3.0","4.0%","±1.9","74,334","±1,006","82.1%","±3.0","69.3%","±4.0","3.1%","±1.9","39,712","±866","86.5%","±3.3","72.5%","±4.2","3.7%","±1.9","22,312","±866","81.1%","±7.2","72.9%","±7.3","10.2%","±5.5","52,716","±1,284","85.9%","±2.6","69.9%","±3.3","6.7%","±2.4","83,965","±1,194","83.9%","±2.8","57.3%","±3.3","4.5%","±2.0","27,498","±775","83.3%","±4.2","68.1%","±5.3","7.3%","±4.0","71,159","±1,004","78.8%","±3.4","74.7%","±3.0","4.6%","±2.3","27,628","±574","79.7%","±4.6","75.1%","±4.8","5.3%","±2.8","27,760","±641","81.9%","±6.4","69.3%","±6.3","5.7%","±3.1","138,022","±677","89.4%","±1.5","73.4%","±2.3","3.1%","±1.1"
"        Female","31,672","±958","78.9%","±3.8","75.6%","±4.0","4.0%","±2.7","79,430","±678","84.8%","±2.2","80.9%","±2.4","3.2%","±1.3","21,222","±868","77.8%","±6.6","74.2%","±6.8","4.7%","±3.5","22,520","±667","67.7%","±4.8","65.5%","±4.9","3.3%","±2.6","111,595","±1,192","77.3%","±2.4","72.8%","±2.5","5.7%","±1.3","340,152","±222","79.0%","±1.2","75.1%","±1.2","4.2%","±0.6","20,727","±765","76.7%","±5.4","74.6%","±5.5","2.7%","±2.5","26,783","±669","75.6%","±4.7","67.5%","±5.4","10.4%","±4.6","31,928","±946","77.7%","±4.0","76.1%","±3.8","1.8%","±1.2","103,145","±672","78.3%","±2.1","74.6%","±2.4","4.7%","±1.6","21,690","±1,103","76.4%","±5.5","75.0%","±5.5","1.9%","±2.2","127,739","±655","77.2%","±2.3","74.3%","±2.5","3.6%","±1.0","29,123","±1,209","66.1%","±5.1","62.0%","±6.1","6.3%","±3.6","143,659","±128","76.4%","±2.0","71.6%","±2.2","4.4%","±0.9","26,972","±613","77.0%","±4.7","73.6%","±4.6","4.4%","±2.3","23,611","±537","79.0%","±4.0","74.9%","±4.9","5.2%","±3.7","42,449","±585","73.3%","±3.9","69.1%","±4.3","5.2%","±2.4","47,335","±756","74.3%","±3.6","69.3%","±4.0","4.8%","±2.9","20,090","±851","70.1%","±5.6","64.6%","±5.5","5.6%","±3.2","53,480","±639","87.4%","±2.2","82.6%","±2.7","4.4%","±1.9","74,767","±1,008","80.4%","±2.8","74.2%","±3.1","5.7%","±2.2","42,650","±920","76.4%","±3.9","68.4%","±4.2","6.0%","±2.7","23,592","±877","79.3%","±4.4","75.7%","±4.7","4.6%","±2.6","56,705","±430","76.9%","±2.9","69.1%","±3.4","6.3%","±2.3","69,000","±930","78.5%","±2.6","64.1%","±3.1","4.9%","±1.2","29,088","±818","75.1%","±4.4","65.1%","±5.4","7.8%","±4.7","77,438","±673","78.2%","±2.8","70.6%","±3.1","9.3%","±2.4","30,148","±629","77.8%","±3.7","73.1%","±4.4","6.1%","±3.7","29,399","±516","77.6%","±4.1","70.4%","±4.4","6.0%","±3.5","139,250","±709","76.2%","±2.0","70.2%","±2.4","4.7%","±1.3"
"            With own children under 18 years","10,376","±1,513","82.7%","±6.4","79.2%","±8.0","4.2%","±5.6","22,418","±2,043","78.5%","±4.6","76.6%","±4.6","1.8%","±1.7","7,447","±1,268","77.3%","±10.7","74.5%","±10.6","3.6%","±6.6","N","N","N","N","N","N","N","N","41,341","±3,027","80.6%","±3.5","76.2%","±3.6","5.0%","±1.9","126,471","±4,388","75.5%","±1.8","72.5%","±1.8","3.1%","±0.8","N","N","N","N","N","N","N","N","10,473","±1,540","81.7%","±6.0","73.2%","±6.6","9.8%","±6.9","13,569","±1,273","78.1%","±5.8","77.6%","±5.8","0.6%","±1.0","35,331","±2,100","75.1%","±3.8","69.3%","±4.2","7.7%","±3.3","N","N","N","N","N","N","N","N","56,906","±2,565","72.2%","±3.8","70.0%","±3.9","2.7%","±1.0","7,729","±1,273","80.6%","±9.3","78.5%","±9.5","2.6%","±2.7","54,489","±2,831","72.8%","±3.1","67.7%","±3.4","5.9%","±1.8","10,814","±1,173","80.3%","±8.4","77.1%","±8.6","3.9%","±4.0","N","N","N","N","N","N","N","N","15,290","±1,533","70.2%","±6.1","68.1%","±6.2","3.0%","±3.4","20,254","±1,957","79.1%","±4.6","75.1%","±5.3","2.1%","±2.2","8,506","±1,110","64.6%","±8.5","60.8%","±8.3","4.0%","±5.3","14,073","±1,583","84.4%","±4.4","80.8%","±4.9","3.9%","±3.4","29,891","±1,748","79.9%","±4.6","72.9%","±4.8","4.3%","±3.0","14,793","±1,594","80.0%","±7.2","69.8%","±8.4","9.1%","±6.1","N","N","N","N","N","N","N","N","20,442","±2,076","77.3%","±4.6","68.4%","±5.9","8.1%","±4.6","20,104","±1,699","79.8%","±4.0","71.2%","±4.6","4.6%","±2.4","10,898","±1,554","77.2%","±7.6","66.5%","±9.3","10.3%","±9.2","17,670","±2,086","76.8%","±5.0","60.8%","±7.1","20.3%","±8.1","8,134","±1,514","83.6%","±6.7","76.8%","±7.7","8.1%","±5.7","10,573","±1,068","81.3%","±5.9","75.1%","±5.9","2.6%","±3.6","50,986","±2,843","74.9%","±3.3","68.3%","±3.9","5.2%","±2.3"
"                With own children under 6 years only","1,665","±643","78.7%","±18.9","75.9%","±19.2","3.6%","±5.9","5,697","±1,218","82.8%","±8.8","80.0%","±8.8","1.9%","±2.9","1,832","±843","74.0%","±23.6","74.0%","±23.6","0.0%","±13.2","N","N","N","N","N","N","N","N","8,967","±1,679","81.3%","±7.9","70.9%","±9.4","10.8%","±6.7","27,363","±2,108","75.7%","±4.2","73.2%","±4.2","2.4%","±1.6","N","N","N","N","N","N","N","N","2,749","±987","89.9%","±9.6","69.4%","±19.0","22.8%","±21.8","2,870","±762","75.1%","±14.0","75.1%","±14.0","0.0%","±8.5","7,097","±1,654","72.3%","±9.6","65.1%","±11.2","10.0%","±9.1","N","N","N","N","N","N","N","N","12,921","±1,497","70.9%","±7.8","68.5%","±8.1","3.4%","±2.2","2,287","±788","78.0%","±17.9","78.0%","±17.9","0.0%","±10.2","9,840","±1,834","70.4%","±9.0","64.8%","±9.2","7.2%","±6.2","2,187","±841","79.4%","±17.1","76.5%","±17.2","3.6%","±5.9","N","N","N","N","N","N","N","N","4,177","±1,095","68.0%","±14.9","63.2%","±14.9","7.1%","±10.6","4,104","±1,272","72.3%","±13.7","72.3%","±13.7","0.0%","±6.3","1,800","±868","34.4%","±21.1","34.4%","±21.1","0.0%","±26.2","5,609","±1,404","90.9%","±5.2","88.8%","±5.6","2.2%","±2.8","6,499","±1,256","61.8%","±12.1","49.2%","±11.1","6.6%","±9.5","1,930","±840","84.9%","±12.1","66.0%","±19.0","12.7%","±18.6","N","N","N","N","N","N","N","N","4,988","±1,377","69.7%","±11.4","62.9%","±12.9","3.4%","±4.0","5,148","±1,031","69.4%","±9.4","66.9%","±9.8","0.5%","±1.0","2,684","±1,187","63.9%","±19.1","51.2%","±20.6","0.0%","±13.0","3,959","±1,312","70.5%","±10.5","64.1%","±11.1","9.1%","±7.6","1,684","±832","89.3%","±10.2","80.0%","±16.3","10.4%","±13.4","2,625","±900","75.7%","±14.3","75.7%","±14.3","0.0%","±9.2","12,456","±1,781","76.2%","±6.5","72.7%","±6.5","1.8%","±2.4"
"                With own children under 6 years and 6 to 17  years","1,668","±717","80.9%","±17.5","80.9%","±17.5","0.0%","±13.3","3,748","±924","63.1%","±12.9","59.3%","±13.8","4.9%","±6.9","1,675","±895","73.3%","±20.1","73.3%","±20.1","0.0%","±14.5","N","N","N","N","N","N","N","N","8,345","±1,573","64.8%","±8.7","63.2%","±8.9","2.4%","±2.7","22,229","±2,370","62.8%","±4.8","60.4%","±4.9","3.8%","±2.3","N","N","N","N","N","N","N","N","2,311","±746","48.8%","±19.9","48.8%","±19.9","0.0%","±15.6","2,941","±1,000","59.4%","±14.5","59.4%","±14.5","0.0%","±10.4","6,519","±1,380","63.5%","±10.5","57.2%","±12.2","9.9%","±8.7","N","N","N","N","N","N","N","N","11,062","±2,123","58.7%","±8.9","55.6%","±8.6","5.2%","±4.8","1,022","±708","77.7%","±26.3","75.7%","±26.9","2.5%","±4.8","13,316","±1,696","64.8%","±8.1","59.6%","±8.4","6.9%","±4.3","1,974","±696","74.8%","±15.8","74.8%","±15.8","0.0%","±12.2","N","N","N","N","N","N","N","N","3,041","±1,015","43.1%","±14.9","43.1%","±14.9","0.0%","±13.6","3,421","±925","60.8%","±13.2","51.7%","±13.4","13.8%","±16.6","1,473","±741","57.4%","±21.4","38.9%","±23.9","27.5%","±30.6","1,672","±634","69.9%","±19.1","69.9%","±19.1","0.0%","±15.1","5,862","±1,476","80.1%","±10.4","75.8%","±10.8","3.0%","±3.8","3,926","±1,252","70.9%","±15.8","58.3%","±15.1","9.8%","±10.0","N","N","N","N","N","N","N","N","3,461","±1,208","72.3%","±13.9","67.1%","±14.6","7.2%","±10.6","4,392","±1,017","82.0%","±10.4","66.0%","±11.3","10.1%","±7.9","2,497","±1,159","76.7%","±21.2","45.4%","±27.2","40.8%","±32.0","3,386","±957","78.4%","±11.1","65.1%","±15.7","13.7%","±12.3","2,698","±1,114","84.6%","±15.6","77.0%","±19.8","9.0%","±14.3","2,266","±742","81.7%","±10.4","80.7%","±10.6","0.0%","±10.0","8,366","±1,635","71.1%","±10.3","61.9%","±11.5","5.8%","±5.8"
"                With own children 6 to 17 years only","7,043","±1,415","84.0%","±7.2","79.6%","±9.6","5.3%","±8.0","12,973","±1,588","81.0%","±5.8","80.1%","±5.6","1.1%","±1.5","3,940","±1,075","80.4%","±11.6","75.2%","±11.6","6.5%","±11.4","N","N","N","N","N","N","N","N","24,029","±2,170","85.9%","±3.4","82.7%","±3.7","3.6%","±1.9","76,879","±4,031","79.0%","±2.1","75.8%","±2.4","3.2%","±1.0","N","N","N","N","N","N","N","N","5,413","±1,047","91.6%","±5.4","85.4%","±6.8","5.5%","±5.4","7,758","±1,036","86.3%","±7.0","85.5%","±7.1","1.0%","±1.6","21,715","±1,869","79.4%","±4.9","74.3%","±5.8","6.4%","±4.0","N","N","N","N","N","N","N","N","32,923","±2,343","77.3%","±4.5","75.5%","±4.5","1.8%","±1.2","4,420","±1,042","82.5%","±11.5","79.4%","±12.3","3.8%","±4.5","31,333","±2,523","76.9%","±4.2","72.1%","±4.6","5.1%","±2.6","6,653","±1,179","82.2%","±9.9","78.0%","±10.7","5.1%","±6.1","N","N","N","N","N","N","N","N","8,072","±1,126","81.5%","±5.7","80.1%","±5.9","1.8%","±2.4","12,729","±1,572","86.3%","±5.0","82.3%","±6.1","0.4%","±0.7","5,233","±918","77.0%","±8.7","76.0%","±8.8","0.0%","±4.7","6,792","±1,340","82.6%","±6.5","76.9%","±9.0","6.2%","±7.2","17,530","±2,098","86.5%","±4.4","80.7%","±5.7","4.2%","±3.8","8,937","±1,322","83.0%","±9.2","75.6%","±10.1","8.1%","±7.4","N","N","N","N","N","N","N","N","11,993","±1,483","81.9%","±6.0","71.1%","±8.2","9.9%","±5.6","10,564","±1,598","83.9%","±5.9","75.5%","±7.2","4.2%","±3.3","5,717","±1,371","83.8%","±10.8","82.8%","±10.8","1.1%","±1.8","10,325","±1,655","78.7%","±7.6","58.1%","±11.0","26.2%","±12.0","3,752","±1,046","80.3%","±10.5","75.3%","±11.9","6.2%","±7.1","5,682","±1,081","83.7%","±8.0","72.6%","±9.6","4.9%","±6.5","30,164","±2,762","75.4%","±4.3","68.3%","±4.8","6.4%","±3.2"
"    POVERTY STATUS IN THE PAST 12 MONTHS","","","","","","","","","","","","","","","","","","","","","","","","","","","","","","","","","","","","","","","","","","","","","","","","","","","","","","","","","","","","","","","","","","","","","","","","","","","","","","","","","","","","","","","","","","","","","","","","","","","","","","","","","","","","","","","","","","","","","","","","","","","","","","","","","","","","","","","","","","","","","","","","","","","","","","","","","","","","","","","","","","","","","","","","","","","","","","","","","","","","","","","","","","","","","","","","","","","","","","","","","","","","","","","","","","","","","","","","","","","","","","","","","","","","","","","","","","","","","","","",""
"        Below poverty level","N","N","N","N","N","N","N","N","11,850","±2,355","49.1%","±9.5","40.8%","±9.0","14.6%","±7.2","N","N","N","N","N","N","N","N","3,618","±1,098","47.2%","±15.3","41.2%","±13.7","12.6%","±15.3","14,973","±3,028","57.1%","±7.8","42.3%","±8.7","25.8%","±9.1","42,733","±5,221","55.9%","±5.1","40.4%","±5.4","26.9%","±6.1","N","N","N","N","N","N","N","N","3,892","±1,722","41.8%","±20.1","40.6%","±19.8","2.9%","±5.6","4,312","±1,165","53.7%","±14.8","41.3%","±13.1","23.1%","±16.8","12,147","±2,323","49.8%","±10.6","34.8%","±9.2","30.1%","±12.1","N","N","N","N","N","N","N","N","9,407","±2,463","61.6%","±10.3","47.4%","±10.0","23.0%","±11.9","20,018","±2,752","33.7%","±7.7","28.4%","±7.4","15.7%","±8.9","16,375","±2,835","62.4%","±5.5","49.7%","±6.8","18.5%","±8.7","4,350","±1,509","39.1%","±10.2","27.9%","±10.1","28.7%","±19.4","3,911","±1,323","44.7%","±10.1","44.7%","±10.1","0.0%","±10.4","5,466","±1,870","42.1%","±13.0","30.5%","±12.9","27.6%","±21.8","4,351","±1,345","56.9%","±15.7","46.5%","±14.9","18.3%","±16.2","1,484","±711","60.5%","±14.9","41.8%","±16.8","30.8%","±23.4","9,522","±2,233","71.9%","±10.1","54.9%","±10.3","23.2%","±10.6","10,097","±2,478","55.2%","±11.7","40.7%","±12.0","22.8%","±13.5","6,984","±1,651","54.3%","±10.2","37.4%","±12.1","29.3%","±14.2","7,996","±2,223","61.3%","±13.6","54.5%","±12.7","11.1%","±6.8","13,004","±2,308","58.1%","±7.9","44.0%","±8.4","22.8%","±10.9","17,615","±2,814","54.0%","±5.7","45.4%","±5.6","15.9%","±8.2","8,741","±1,873","53.2%","±12.2","32.5%","±10.0","38.9%","±18.6","26,584","±3,683","49.8%","±6.2","36.6%","±5.3","26.2%","±9.2","8,735","±1,891","56.0%","±11.8","42.3%","±10.5","24.5%","±9.5","5,336","±1,630","56.6%","±16.3","44.8%","±18.0","15.6%","±13.8","24,147","±3,379","53.4%","±7.1","40.8%","±6.2","21.0%","±8.5"
"        At or above the poverty level","N","N","N","N","N","N","N","N","147,285","±2,773","90.3%","±1.7","86.4%","±1.7","2.8%","±0.7","N","N","N","N","N","N","N","N","40,899","±1,578","79.7%","±3.1","78.1%","±3.3","2.0%","±1.1","198,535","±3,182","84.4%","±1.6","80.4%","±1.7","3.9%","±1.0","637,748","±5,230","86.7%","±0.7","81.8%","±0.8","3.6%","±0.5","N","N","N","N","N","N","N","N","47,910","±1,804","86.8%","±2.5","80.7%","±3.4","6.6%","±2.6","57,429","±1,887","85.4%","±2.4","83.3%","±2.6","2.0%","±1.2","184,232","±2,674","86.1%","±1.5","83.1%","±1.6","3.4%","±0.8","N","N","N","N","N","N","N","N","248,399","±2,499","85.5%","±1.4","83.2%","±1.5","2.1%","±0.5","38,974","±2,612","85.6%","±3.4","83.3%","±3.7","2.0%","±1.4","269,377","±3,486","85.5%","±1.1","80.5%","±1.2","4.0%","±0.6","47,730","±1,938","85.6%","±2.7","81.7%","±3.1","2.6%","±1.5","42,712","±1,388","87.7%","±2.2","84.1%","±2.7","4.1%","±2.0","78,094","±2,193","84.7%","±2.0","80.4%","±2.4","3.8%","±1.4","88,872","±1,955","82.7%","±2.3","76.6%","±2.8","4.3%","±1.7","38,160","±1,265","81.2%","±3.2","72.0%","±4.3","3.1%","±1.6","94,911","±2,445","91.4%","±1.6","86.9%","±1.8","2.7%","±0.9","136,145","±3,094","84.7%","±1.5","75.6%","±1.9","3.5%","±1.3","73,578","±1,917","84.3%","±2.3","74.8%","±2.7","3.2%","±1.5","34,288","±2,472","88.8%","±3.1","82.9%","±4.3","6.6%","±3.7","92,376","±2,674","85.3%","±1.8","75.2%","±2.3","4.9%","±1.5","117,996","±3,620","85.8%","±1.8","70.2%","±2.4","3.3%","±0.8","45,743","±2,437","85.3%","±3.4","76.1%","±3.6","3.5%","±1.6","118,487","±3,732","86.0%","±2.7","81.6%","±2.6","4.7%","±1.6","48,427","±2,155","83.8%","±2.8","80.7%","±3.3","3.4%","±1.9","50,974","±2,618","83.4%","±2.9","73.7%","±3.3","5.2%","±2.7","246,535","±3,825","86.0%","±1.1","76.6%","±1.5","2.8%","±0.8"
"    DISABILITY STATUS","","","","","","","","","","","","","","","","","","","","","","","","","","","","","","","","","","","","","","","","","","","","","","","","","","","","","","","","","","","","","","","","","","","","","","","","","","","","","","","","","","","","","","","","","","","","","","","","","","","","","","","","","","","","","","","","","","","","","","","","","","","","","","","","","","","","","","","","","","","","","","","","","","","","","","","","","","","","","","","","","","","","","","","","","","","","","","","","","","","","","","","","","","","","","","","","","","","","","","","","","","","","","","","","","","","","","","","","","","","","","","","","","","","","","","","","","","","","","","","",""
"        With any disability","N","N","N","N","N","N","N","N","8,421","±1,375","68.1%","±11.5","59.6%","±11.9","11.5%","±6.0","N","N","N","N","N","N","N","N","3,430","±976","33.5%","±13.6","32.3%","±13.8","3.6%","±6.3","22,789","±2,768","52.5%","±6.2","48.0%","±6.5","6.4%","±4.2","41,082","±3,508","66.4%","±4.0","59.8%","±3.7","7.6%","±2.6","N","N","N","N","N","N","N","N","4,903","±1,380","61.1%","±14.3","58.5%","±14.8","4.3%","±6.9","6,025","±1,194","41.4%","±13.1","37.5%","±12.5","9.5%","±13.7","18,143","±2,925","56.8%","±7.1","50.6%","±7.2","11.0%","±5.2","N","N","N","N","N","N","N","N","13,600","±1,923","68.4%","±7.0","61.1%","±7.9","9.8%","±5.6","6,590","±1,731","45.4%","±11.1","35.8%","±12.6","20.1%","±17.2","22,209","±2,755","58.5%","±5.8","52.1%","±5.9","8.8%","±3.9","4,917","±1,345","39.0%","±11.0","37.3%","±10.7","4.4%","±4.9","4,342","±1,177","54.1%","±9.9","52.3%","±9.8","3.4%","±4.5","6,272","±1,308","61.4%","±9.8","58.8%","±9.8","2.3%","±2.2","7,708","±1,586","56.7%","±9.7","46.6%","±10.4","9.2%","±7.7","3,923","±1,212","59.7%","±16.3","47.7%","±16.4","0.0%","±9.8","5,938","±1,373","70.4%","±11.5","66.3%","±11.6","5.9%","±6.0","15,633","±2,454","56.9%","±9.0","41.6%","±9.6","16.5%","±11.2","13,567","±2,567","60.5%","±8.2","50.4%","±7.9","11.5%","±5.7","2,790","±887","45.6%","±18.0","41.3%","±17.0","9.4%","±9.7","12,611","±1,780","58.2%","±7.0","47.8%","±6.8","8.7%","±5.0","16,916","±2,514","54.3%","±6.3","40.0%","±6.5","17.2%","±8.4","7,914","±1,683","47.3%","±10.8","39.0%","±9.6","13.9%","±10.8","18,717","±3,367","50.1%","±9.3","43.2%","±8.3","13.8%","±7.5","7,276","±1,296","44.8%","±9.0","35.9%","±8.1","19.8%","±12.4","5,940","±1,202","49.4%","±12.1","42.0%","±11.6","6.5%","±7.5","26,508","±2,901","56.1%","±5.6","48.8%","±5.5","7.2%","±4.1"
"EDUCATIONAL ATTAINMENT","","","","","","","","","","","","","","","","","","","","","","","","","","","","","","","","","","","","","","","","","","","","","","","","","","","","","","","","","","","","","","","","","","","","","","","","","","","","","","","","","","","","","","","","","","","","","","","","","","","","","","","","","","","","","","","","","","","","","","","","","","","","","","","","","","","","","","","","","","","","","","","","","","","","","","","","","","","","","","","","","","","","","","","","","","","","","","","","","","","","","","","","","","","","","","","","","","","","","","","","","","","","","","","","","","","","","","","","","","","","","","","","","","","","","","","","","","","","","","","",""
"    Population 25 to 64 years","55,242","±1,327","84.0%","±2.7","81.3%","±2.9","2.6%","±1.6","143,698","±1,139","87.6%","±1.8","83.3%","±1.9","3.2%","±0.9","39,562","±1,072","77.2%","±4.5","74.7%","±4.7","3.2%","±2.1","40,522","±764","76.5%","±3.3","74.5%","±3.5","2.5%","±1.5","192,795","±1,103","82.7%","±1.6","78.0%","±1.7","4.9%","±1.0","616,248","±406","85.3%","±0.7","80.0%","±0.8","4.0%","±0.5","38,192","±675","82.4%","±3.4","80.7%","±3.6","2.2%","±1.5","48,650","±824","80.3%","±3.4","74.9%","±3.9","6.3%","±2.6","57,137","±892","82.3%","±2.8","79.7%","±3.0","2.7%","±1.4","179,208","±851","84.2%","±1.5","80.7%","±1.6","4.2%","±0.9","36,444","±1,464","81.8%","±3.6","76.2%","±4.1","3.9%","±2.3","234,856","±460","85.9%","±1.3","83.4%","±1.4","2.3%","±0.5","42,360","±1,027","79.4%","±2.8","75.8%","±3.4","3.9%","±2.2","259,811","±274","84.3%","±1.3","79.3%","±1.5","4.2%","±0.7","48,742","±605","80.6%","±3.1","77.2%","±3.3","2.7%","±1.3","42,118","±529","85.5%","±2.3","81.8%","±2.7","4.3%","±2.1","75,553","±992","82.3%","±2.2","78.4%","±2.5","3.5%","±1.2","86,383","±1,335","80.9%","±2.5","75.4%","±2.8","4.0%","±1.5","36,685","±1,111","81.7%","±3.1","72.7%","±4.1","3.1%","±1.7","98,485","±907","89.2%","±1.9","83.7%","±2.2","4.2%","±1.4","132,572","±1,100","82.7%","±1.7","73.6%","±2.2","4.0%","±1.5","70,662","±732","81.4%","±2.7","73.2%","±3.2","4.4%","±1.8","31,909","±996","84.1%","±4.4","77.3%","±5.3","8.1%","±4.5","94,710","±854","80.4%","±2.1","71.3%","±2.7","5.8%","±1.6","120,715","±451","80.8%","±2.0","65.2%","±2.3","3.9%","±1.0","50,800","±723","79.1%","±3.3","69.7%","±3.5","6.7%","±3.2","129,919","±549","78.8%","±2.7","73.4%","±2.5","6.6%","±1.7","51,896","±1,160","78.4%","±2.9","74.0%","±3.1","5.5%","±2.3","51,386","±733","80.3%","±3.8","71.2%","±3.7","5.2%","±2.6","247,380","±463","82.4%","±1.3","73.0%","±1.7","3.2%","±1.0"
"        Less than high school graduate","3,356","±1,719","65.5%","±21.6","65.5%","±21.6","0.0%","±8.4","5,941","±1,862","72.7%","±12.9","71.0%","±13.1","2.3%","±4.0","2,196","±749","57.2%","±17.3","57.2%","±17.3","0.0%","±14.2","3,197","±1,044","52.1%","±15.9","52.1%","±15.9","0.0%","±10.9","13,440","±2,525","68.3%","±8.7","59.9%","±9.3","9.7%","±5.9","32,407","±3,809","72.8%","±4.7","65.9%","±4.9","9.3%","±3.2","2,588","±944","66.7%","±19.1","66.7%","±19.1","0.0%","±10.5","5,373","±1,741","77.5%","±9.2","70.7%","±12.7","8.7%","±11.3","3,171","±1,009","69.4%","±13.7","69.4%","±13.7","0.0%","±8.4","10,641","±2,019","72.2%","±7.6","67.4%","±7.6","6.8%","±5.1","1,884","±834","52.8%","±21.0","43.7%","±19.7","17.3%","±25.9","12,077","±2,351","69.2%","±8.4","67.3%","±8.8","2.6%","±2.6","693","±533","49.1%","±23.5","49.1%","±23.5","0.0%","±39.1","25,151","±2,866","73.5%","±5.5","72.1%","±5.5","2.0%","±1.7","2,771","±830","70.9%","±12.7","70.9%","±12.7","0.0%","±9.3","5,921","±1,399","79.2%","±8.4","77.0%","±8.8","2.7%","±2.8","6,981","±1,808","76.2%","±8.5","70.0%","±9.7","8.1%","±7.6","5,531","±1,421","49.8%","±13.2","47.2%","±12.8","5.2%","±6.6","1,054","±577","68.9%","±20.9","57.0%","±26.3","17.2%","±19.4","6,291","±1,513","75.8%","±8.8","68.4%","±10.2","8.1%","±10.2","6,843","±1,524","65.9%","±8.5","56.1%","±11.7","14.8%","±15.2","2,979","±820","58.5%","±14.5","49.1%","±15.4","14.3%","±12.8","3,702","±1,090","72.1%","±15.4","65.6%","±19.9","9.1%","±13.6","7,205","±1,485","61.2%","±8.4","56.4%","±8.2","7.7%","±5.8","11,981","±2,014","62.0%","±8.4","57.9%","±8.4","6.6%","±3.6","4,392","±1,172","68.2%","±11.9","52.4%","±12.5","20.2%","±18.8","14,063","±2,438","57.0%","±13.9","40.7%","±11.1","28.6%","±12.6","4,037","±1,241","67.7%","±10.6","64.8%","±10.7","4.2%","±5.0","2,561","±1,064","47.3%","±18.5","43.9%","±18.4","7.3%","±9.1","10,296","±1,664","63.1%","±7.4","61.4%","±7.6","2.7%","±2.7"
"        High school graduate (includes equivalency)","9,029","±1,857","79.3%","±9.2","74.0%","±9.8","6.6%","±7.4","8,929","±1,860","57.3%","±10.9","53.2%","±11.2","5.1%","±4.1","17,316","±2,082","72.9%","±7.4","68.7%","±7.4","5.8%","±4.6","9,740","±1,850","76.9%","±7.0","74.1%","±7.8","3.7%","±3.0","43,429","±4,340","73.2%","±4.4","67.6%","±4.6","7.5%","±3.7","66,446","±4,590","76.2%","±2.9","68.1%","±3.4","9.0%","±2.7","9,567","±1,610","78.8%","±7.6","74.5%","±8.4","5.4%","±4.9","16,182","±2,042","79.0%","±5.8","73.6%","±6.8","6.5%","±5.2","12,907","±1,912","71.7%","±6.6","65.8%","±7.2","8.2%","±5.7","37,653","±2,995","74.9%","±4.0","70.2%","±3.8","6.2%","±2.6","6,572","±1,661","79.3%","±9.3","78.3%","±9.3","1.2%","±2.1","20,942","±2,672","77.7%","±5.7","75.8%","±6.0","1.9%","±1.8","10,140","±2,243","71.2%","±10.1","69.3%","±10.1","2.6%","±3.3","56,963","±4,190","79.2%","±3.7","73.8%","±4.1","6.2%","±2.2","12,881","±2,202","74.6%","±7.5","74.0%","±7.6","0.9%","±1.0","12,843","±1,476","81.1%","±4.8","77.9%","±5.3","4.0%","±4.4","18,712","±2,061","78.5%","±5.5","75.5%","±5.6","3.4%","±2.1","16,205","±2,277","70.0%","±6.9","65.4%","±7.1","4.2%","±3.0","5,156","±1,112","78.8%","±8.4","73.8%","±8.6","2.9%","±4.4","8,778","±1,956","77.7%","±10.9","72.0%","±11.7","7.0%","±5.7","29,110","±3,630","73.1%","±4.4","61.7%","±6.1","9.3%","±5.4","18,845","±2,665","77.1%","±5.3","71.9%","±5.7","6.3%","±4.3","6,113","±1,241","84.6%","±7.3","74.2%","±10.7","12.3%","±9.9","25,895","±2,780","74.1%","±5.0","65.1%","±5.5","9.1%","±3.4","26,705","±2,708","78.1%","±4.3","63.2%","±5.4","6.6%","±2.9","14,320","±2,110","73.2%","±7.1","62.6%","±8.8","11.3%","±8.2","25,557","±3,365","69.5%","±6.6","58.3%","±6.8","16.0%","±5.7","17,397","±2,469","73.3%","±5.9","71.4%","±6.1","2.6%","±2.2","14,303","±1,824","77.7%","±5.9","70.8%","±6.5","6.3%","±5.1","52,649","±3,756","76.9%","±3.4","68.8%","±4.1","3.9%","±2.4"
"        Some college or associate's degree","10,423","±2,026","82.3%","±7.6","75.8%","±8.4","5.2%","±6.0","14,658","±2,349","77.8%","±7.4","67.9%","±8.6","9.4%","±7.4","10,118","±1,561","75.2%","±8.4","74.1%","±8.4","1.4%","±2.5","14,454","±1,760","77.3%","±5.3","74.0%","±5.7","4.2%","±3.7","47,701","±4,188","83.6%","±2.5","79.1%","±3.1","4.9%","±2.1","103,230","±5,722","81.9%","±2.1","73.4%","±2.4","7.7%","±1.7","9,614","±1,253","81.6%","±6.7","81.1%","±6.7","0.6%","±1.1","12,281","±1,830","71.4%","±7.9","65.5%","±7.6","7.7%","±5.7","16,685","±2,013","84.2%","±3.7","83.1%","±3.6","1.0%","±1.1","43,936","±3,372","84.5%","±3.1","79.3%","±3.7","6.1%","±2.3","8,688","±1,702","78.3%","±8.4","67.3%","±8.9","10.5%","±7.3","44,573","±3,419","84.9%","±2.7","81.6%","±3.3","3.3%","±1.4","10,389","±2,084","71.1%","±7.0","60.6%","±8.6","12.5%","±9.2","64,628","±4,116","85.0%","±2.3","77.9%","±2.8","6.3%","±1.9","13,529","±2,099","84.3%","±5.6","74.3%","±7.1","6.5%","±4.3","9,456","±1,351","91.9%","±4.5","83.1%","±7.0","9.6%","±6.7","23,119","±2,250","81.9%","±4.8","76.5%","±5.3","4.8%","±2.4","23,496","±2,204","79.8%","±4.7","72.3%","±4.9","5.6%","±2.8","12,037","±1,417","83.0%","±5.1","67.6%","±7.4","2.7%","±2.2","17,309","±2,073","86.1%","±4.9","82.2%","±5.2","3.3%","±2.5","43,283","±3,036","83.7%","±3.1","73.6%","±3.9","2.6%","±1.3","27,127","±2,942","80.5%","±4.8","68.3%","±5.5","5.0%","±2.9","7,425","±1,304","80.6%","±10.0","73.2%","±10.8","9.2%","±8.5","33,801","±2,790","82.6%","±3.4","71.3%","±4.2","5.3%","±2.6","38,162","±3,565","79.5%","±4.3","58.0%","±4.8","4.1%","±1.8","18,112","±2,101","78.4%","±5.7","71.0%","±5.6","4.9%","±3.4","30,003","±3,132","80.7%","±4.3","77.5%","±4.5","3.7%","±2.2","13,984","±2,608","76.2%","±6.3","68.4%","±7.7","10.2%","±7.0","17,338","±2,071","81.6%","±5.9","70.2%","±6.7","5.2%","±4.0","76,575","±4,547","82.5%","±2.5","69.9%","±3.6","4.0%","±1.8"
"        Bachelor's degree or higher","32,434","±2,367","87.8%","±2.5","86.7%","±2.7","1.0%","±1.2","114,170","±3,030","92.0%","±1.3","88.2%","±1.6","2.5%","±0.8","9,932","±1,856","91.3%","±5.2","89.8%","±5.4","1.6%","±2.1","13,131","±1,919","81.2%","±5.1","80.9%","±5.1","0.3%","±0.6","88,225","±4,798","89.1%","±2.0","85.3%","±2.2","3.2%","±1.1","414,165","±6,994","88.6%","±0.7","84.7%","±0.8","2.2%","±0.3","16,423","±1,961","87.5%","±4.4","86.2%","±4.6","1.5%","±1.9","14,814","±2,121","90.0%","±4.2","85.7%","±6.1","4.3%","±4.2","24,374","±2,022","88.2%","±3.9","86.1%","±4.4","1.6%","±1.3","86,978","±3,750","89.6%","±1.6","87.5%","±1.8","2.3%","±1.0","19,300","±2,282","86.9%","±4.1","82.6%","±4.5","1.3%","±1.6","157,264","±4,027","88.5%","±1.5","86.2%","±1.6","2.0%","±0.6","21,138","±2,885","88.3%","±3.6","87.3%","±3.7","1.2%","±1.1","113,069","±4,840","88.8%","±1.7","84.4%","±2.0","2.5%","±0.8","19,561","±2,179","83.4%","±4.7","82.1%","±4.6","1.6%","±1.4","13,898","±1,820","87.8%","±3.8","86.6%","±4.2","1.4%","±1.6","26,741","±2,259","86.9%","±3.7","84.2%","±4.3","1.4%","±1.5","41,151","±3,073","90.1%","±2.2","85.0%","±2.9","3.1%","±2.0","18,438","±1,690","82.3%","±4.4","76.6%","±4.7","2.7%","±2.5","66,107","±2,939","92.8%","±1.7","87.1%","±2.1","3.7%","±1.5","53,336","±3,647","89.2%","±2.3","82.4%","±2.8","1.6%","±1.0","21,711","±2,055","89.5%","±3.5","83.8%","±4.4","1.3%","±1.2","14,669","±2,146","88.6%","±3.8","83.6%","±4.6","5.7%","±4.4","27,809","±2,623","88.7%","±2.9","81.0%","±4.1","3.2%","±2.3","43,867","±2,872","88.6%","±2.3","74.8%","±3.1","1.7%","±1.0","13,976","±1,822","89.7%","±4.6","80.6%","±6.8","1.6%","±2.3","60,296","±3,103","86.8%","±2.0","85.4%","±2.0","1.4%","±0.9","16,478","±2,157","88.2%","±4.3","83.6%","±5.0","4.9%","±2.8","17,184","±1,955","85.9%","±4.4","76.7%","±5.3","4.2%","±3.2","107,860","±5,093","86.8%","±1.7","78.4%","±2.3","2.4%","±1.0"